# ************************************************************
# Sequel Pro SQL dump
# Version 4541
#
# http://www.sequelpro.com/
# https://github.com/sequelpro/sequelpro
#
# Host: 127.0.0.1 (MySQL 5.6.17-log)
# Database: zcurd_base
# Generation Time: 2017-04-07 15:52:35 +0000
# ************************************************************


/*!40101 SET @OLD_CHARACTER_SET_CLIENT=@@CHARACTER_SET_CLIENT */;
/*!40101 SET @OLD_CHARACTER_SET_RESULTS=@@CHARACTER_SET_RESULTS */;
/*!40101 SET @OLD_COLLATION_CONNECTION=@@COLLATION_CONNECTION */;
/*!40101 SET NAMES utf8 */;
/*!40014 SET @OLD_FOREIGN_KEY_CHECKS=@@FOREIGN_KEY_CHECKS, FOREIGN_KEY_CHECKS=0 */;
/*!40101 SET @OLD_SQL_MODE=@@SQL_MODE, SQL_MODE='NO_AUTO_VALUE_ON_ZERO' */;
/*!40111 SET @OLD_SQL_NOTES=@@SQL_NOTES, SQL_NOTES=0 */;


# Dump of table common_file
# ------------------------------------------------------------

DROP TABLE IF EXISTS `common_file`;

CREATE TABLE `common_file` (
  `id` int(11) unsigned NOT NULL AUTO_INCREMENT,
  `type` int(11) NOT NULL COMMENT '分类（1：图片，2：文件）',
  `path` varchar(200) NOT NULL DEFAULT '' COMMENT '图片地址',
  `sys_user_id` int(11) NOT NULL COMMENT '系统用户',
  `create_time` timestamp NOT NULL DEFAULT CURRENT_TIMESTAMP COMMENT '创建时间',
  PRIMARY KEY (`id`)
) ENGINE=InnoDB DEFAULT CHARSET=utf8 COMMENT='文件管理';

LOCK TABLES `common_file` WRITE;
/*!40000 ALTER TABLE `common_file` DISABLE KEYS */;

INSERT INTO `common_file` (`id`, `type`, `path`, `sys_user_id`, `create_time`)
VALUES
	(1,1,'P41025-1754072.jpg',8,'2016-12-21 00:36:24'),
	(2,1,'P41025-154800.jpg',8,'2016-12-21 00:40:14'),
	(3,1,'P41025-1753192.jpg',8,'2016-12-21 00:41:00'),
	(4,1,'P41025-1758078.jpg',8,'2016-12-21 00:45:39'),
	(5,1,'P41025-1757555.jpg',8,'2016-12-21 00:45:42'),
	(6,1,'P41025-1757528.jpg',8,'2016-12-21 00:45:45'),
	(7,1,'P41025-1754153.jpg',8,'2016-12-21 00:45:48'),
	(8,1,'P41025-1757529.jpg',8,'2016-12-21 00:54:42'),
	(9,1,'P41025-1754154.jpg',8,'2016-12-21 00:55:20');

/*!40000 ALTER TABLE `common_file` ENABLE KEYS */;
UNLOCK TABLES;


# Dump of table sys_dict
# ------------------------------------------------------------

DROP TABLE IF EXISTS `sys_dict`;

CREATE TABLE `sys_dict` (
  `id` int(11) unsigned NOT NULL AUTO_INCREMENT COMMENT 'id',
  `dict_type` varchar(50) NOT NULL DEFAULT '' COMMENT '类型',
  `dict_key` varchar(50) NOT NULL DEFAULT '' COMMENT '键',
  `dict_value` varchar(100) NOT NULL DEFAULT '' COMMENT '值',
  `create_time` timestamp NOT NULL DEFAULT CURRENT_TIMESTAMP ON UPDATE CURRENT_TIMESTAMP COMMENT '创建时间',
  PRIMARY KEY (`id`)
) ENGINE=InnoDB DEFAULT CHARSET=utf8 COMMENT='数据字典';

LOCK TABLES `sys_dict` WRITE;
/*!40000 ALTER TABLE `sys_dict` DISABLE KEYS */;

INSERT INTO `sys_dict` (`id`, `dict_type`, `dict_key`, `dict_value`, `create_time`)
VALUES
	(1,'datarule_symbol','=','=','2016-03-01 22:42:05'),
	(2,'datarule_symbol','>','>','2016-03-01 22:42:21'),
	(3,'datarule_symbol','<','<','2016-03-01 22:42:28'),
	(6,'db_source','zcurd_base','基本库','2016-09-18 17:25:49'),
	(7,'db_source','zcurd_busi','业务库','2016-09-18 17:25:54'),
	(8,'task_type','1','url','2017-03-12 23:29:43'),
	(9,'task_type','2','sql','2017-03-12 23:29:51'),
	(10,'task_statu','1','等待运行','2017-03-12 23:31:55'),
	(11,'task_statu','2','已停止','2017-03-12 23:32:12'),
	(12,'task_type','3','ITask','2017-03-18 14:47:57'),
	(13,'task_statu','3','运行中','2017-03-28 23:26:26');

/*!40000 ALTER TABLE `sys_dict` ENABLE KEYS */;
UNLOCK TABLES;


# Dump of table sys_menu
# ------------------------------------------------------------

DROP TABLE IF EXISTS `sys_menu`;

CREATE TABLE `sys_menu` (
  `id` int(11) NOT NULL AUTO_INCREMENT COMMENT 'id',
  `menu_name` varchar(100) DEFAULT NULL COMMENT '菜单名称',
  `menu_url` varchar(100) DEFAULT NULL COMMENT '菜单地址',
  `parent_id` int(11) DEFAULT NULL COMMENT '所属菜单',
  `icon` varchar(50) DEFAULT NULL COMMENT '图标',
  `order_num` int(11) DEFAULT NULL COMMENT '顺序',
  `create_time` timestamp NOT NULL DEFAULT CURRENT_TIMESTAMP COMMENT '创建时间',
  PRIMARY KEY (`id`)
) ENGINE=InnoDB DEFAULT CHARSET=utf8 COMMENT='菜单';

LOCK TABLES `sys_menu` WRITE;
/*!40000 ALTER TABLE `sys_menu` DISABLE KEYS */;

INSERT INTO `sys_menu` (`id`, `menu_name`, `menu_url`, `parent_id`, `icon`, `order_num`, `create_time`)
VALUES
	(1,'系统管理',NULL,0,'glyphicon-cog',6,'2016-01-06 19:37:31'),
	(2,'在线表单','/zcurdHead/list',1,'glyphicon-cloud',1,'2016-01-07 21:41:21'),
	(3,'菜单管理','/menu/list',1,'glyphicon-menu-hamburger',5,'2016-01-06 19:37:38'),
	(4,'字典管理','/zcurd/7/listPage',1,'glyphicon-book',6,'2016-02-29 11:44:07'),
	(5,'用户管理',NULL,0,'glyphicon-user',5,'2016-01-06 19:37:31'),
	(6,'角色管理','/zcurd/8/listPage',5,'glyphicon-user',1,'2016-01-07 03:32:08'),
	(7,'系统用户','/zcurd/12/listPage',5,'glyphicon-king',2,'2016-02-16 03:59:22'),
	(9,'内容管理',NULL,0,'glyphicon-search',2,'2016-09-12 22:10:51'),
	(10,'客户管理','/zcurd/15/listPage',9,'glyphicon-th-list',1,'2016-09-12 22:11:26'),
	(11,'大盘数据','/zcurd/16/listPage',9,'glyphicon-flag',2,'2016-09-12 22:12:33'),
	(12,'小说采集','/zcurd/17/listPage',9,'glyphicon-cd',0,'2016-09-18 18:55:28'),
	(13,'操作日志','/oplog/listPage',1,'glyphicon-time',7,'2016-10-16 10:08:02'),
	(14,'图片管理','/zcurd/18/listPage',9,'glyphicon-picture',3,'2016-12-21 01:12:05'),
	(15,'定时任务','/task/listPage',1,'glyphicon-tasks',2,'2017-03-15 23:55:04');

/*!40000 ALTER TABLE `sys_menu` ENABLE KEYS */;
UNLOCK TABLES;


# Dump of table sys_menu_btn
# ------------------------------------------------------------

DROP TABLE IF EXISTS `sys_menu_btn`;

CREATE TABLE `sys_menu_btn` (
  `id` int(11) NOT NULL AUTO_INCREMENT COMMENT 'id',
  `menu_id` int(11) DEFAULT NULL COMMENT '所属菜单',
  `btn_name` varchar(100) DEFAULT NULL COMMENT '按钮名称',
  `class_name` varchar(100) DEFAULT NULL COMMENT '页面class名称',
  `method_name` varchar(100) DEFAULT NULL COMMENT '后台method名称',
  `create_time` timestamp NOT NULL DEFAULT CURRENT_TIMESTAMP COMMENT '创建时间',
  PRIMARY KEY (`id`),
  KEY `FK_Reference_1` (`menu_id`),
  CONSTRAINT `FK_Reference_1` FOREIGN KEY (`menu_id`) REFERENCES `sys_menu` (`id`) ON DELETE CASCADE
) ENGINE=InnoDB DEFAULT CHARSET=utf8 COMMENT='菜单按钮';

LOCK TABLES `sys_menu_btn` WRITE;
/*!40000 ALTER TABLE `sys_menu_btn` DISABLE KEYS */;

INSERT INTO `sys_menu_btn` (`id`, `menu_id`, `btn_name`, `class_name`, `method_name`, `create_time`)
VALUES
	(3,12,'增加','addBtn','add,addPage','2016-10-16 13:55:52'),
	(4,12,'修改','updateBtn','update,updatePage','2016-10-16 13:55:52'),
	(5,12,'删除','delBtn','delete','2016-10-16 13:55:52'),
	(6,12,'导出','exportBtn','exportCsv','2016-10-16 13:55:52'),
	(7,10,'增加','addBtn','add,addPage','2016-10-16 14:11:44'),
	(8,10,'修改','updateBtn','update,updatePage','2016-10-16 14:11:44'),
	(9,10,'删除','delBtn','delete','2016-10-16 14:11:44'),
	(10,10,'导出','exportBtn','exportCsv','2016-10-16 14:11:44'),
	(11,11,'增加','addBtn','add,addPage','2016-10-16 14:14:28'),
	(12,11,'修改','updateBtn','update,updatePage','2016-10-16 14:14:28'),
	(13,11,'删除','delBtn','delete','2016-10-16 14:14:28'),
	(14,11,'导出','exportBtn','exportCsv','2016-10-16 14:14:28'),
	(15,14,'增加','addBtn','add,addPage','2016-12-21 22:52:59'),
	(16,14,'修改','updateBtn','update,updatePage','2016-12-21 22:52:59'),
	(17,14,'删除','delBtn','delete','2016-12-21 22:52:59'),
	(18,14,'导出','exportBtn','exportCsv','2016-12-21 22:52:59'),
	(19,6,'增加','addBtn','add,addPage','2016-12-21 22:55:21'),
	(20,6,'修改','updateBtn','update,updatePage','2016-12-21 22:55:21'),
	(21,6,'删除','delBtn','delete','2016-12-21 22:55:21'),
	(22,6,'导出','exportBtn','exportCsv','2016-12-21 22:55:21'),
	(23,7,'增加','addBtn','add,addPage','2016-12-21 22:56:44'),
	(24,7,'修改','updateBtn','update,updatePage','2016-12-21 22:56:44'),
	(25,7,'删除','delBtn','delete','2016-12-21 22:56:44'),
	(26,7,'导出','exportBtn','exportCsv','2016-12-21 22:56:44'),
	(29,2,'删除','delBtn','delete','2016-12-21 22:58:28'),
	(31,3,'增加','addBtn','add,addPage','2016-12-21 23:01:15'),
	(32,3,'修改','updateBtn','update,updatePage','2016-12-21 23:01:15'),
	(33,3,'删除','delBtn','delete','2016-12-21 23:01:15'),
	(34,3,'导出','exportBtn','exportCsv','2016-12-21 23:01:15'),
	(35,4,'增加','addBtn','add,addPage','2016-12-21 23:01:28'),
	(36,4,'修改','updateBtn','update,updatePage','2016-12-21 23:01:28'),
	(37,4,'删除','delBtn','delete','2016-12-21 23:01:28'),
	(38,4,'导出','exportBtn','exportCsv','2016-12-21 23:01:28'),
	(39,7,'重置密码','exBtn4','/user/resetPassword','2017-01-27 15:07:20'),
	(40,15,'增加','addBtn','add,addPage','2017-04-07 23:34:52'),
	(41,15,'修改','updateBtn','update,updatePage','2017-04-07 23:34:52'),
	(42,15,'删除','delBtn','delete','2017-04-07 23:34:52'),
	(43,15,'导出','exportBtn','exportCsv','2017-04-07 23:34:52');

/*!40000 ALTER TABLE `sys_menu_btn` ENABLE KEYS */;
UNLOCK TABLES;


# Dump of table sys_menu_datarule
# ------------------------------------------------------------

DROP TABLE IF EXISTS `sys_menu_datarule`;

CREATE TABLE `sys_menu_datarule` (
  `id` int(11) unsigned NOT NULL AUTO_INCREMENT COMMENT 'id',
  `menu_id` int(11) DEFAULT NULL COMMENT '菜单',
  `field_name` varchar(50) DEFAULT NULL COMMENT '字段名称',
  `symbol` varchar(50) DEFAULT NULL COMMENT '符号',
  `value` varchar(100) DEFAULT NULL COMMENT 'sql条件值',
  `create_time` timestamp NULL DEFAULT CURRENT_TIMESTAMP COMMENT '创建时间',
  PRIMARY KEY (`id`)
) ENGINE=InnoDB DEFAULT CHARSET=utf8;

LOCK TABLES `sys_menu_datarule` WRITE;
/*!40000 ALTER TABLE `sys_menu_datarule` DISABLE KEYS */;

INSERT INTO `sys_menu_datarule` (`id`, `menu_id`, `field_name`, `symbol`, `value`, `create_time`)
VALUES
	(3,12,'status','<','${user.id}','2016-09-27 00:16:00'),
	(4,6,'id','>','2','2016-12-21 22:56:25'),
	(5,7,'id','>','10','2016-12-21 22:57:56'),
	(6,2,'id','>','18','2016-12-21 23:01:01'),
	(7,2,'id','!=','24','2017-04-07 23:46:44');

/*!40000 ALTER TABLE `sys_menu_datarule` ENABLE KEYS */;
UNLOCK TABLES;


# Dump of table sys_oplog
# ------------------------------------------------------------

DROP TABLE IF EXISTS `sys_oplog`;

CREATE TABLE `sys_oplog` (
  `id` int(11) NOT NULL AUTO_INCREMENT COMMENT 'id',
  `user_id` int(11) DEFAULT NULL COMMENT '用户',
  `op_content` varchar(1000) DEFAULT NULL COMMENT '操作内容',
  `ip` varchar(100) DEFAULT NULL COMMENT 'ip',
  `create_time` datetime DEFAULT NULL COMMENT '创建时间',
  PRIMARY KEY (`id`)
) ENGINE=MyISAM DEFAULT CHARSET=utf8 COMMENT='系统操作日志';

LOCK TABLES `sys_oplog` WRITE;
/*!40000 ALTER TABLE `sys_oplog` DISABLE KEYS */;

INSERT INTO `sys_oplog` (`id`, `user_id`, `op_content`, `ip`, `create_time`)
VALUES
	(1,7,'登陆系统','0:0:0:0:0:0:0:1','2016-10-17 00:13:36'),
	(2,7,'退出系统','0:0:0:0:0:0:0:1','2016-10-17 00:14:13'),
	(3,1,'登陆系统','0:0:0:0:0:0:0:1','2016-10-17 00:14:15'),
	(4,1,'登陆系统','0:0:0:0:0:0:0:1','2016-10-18 22:49:24'),
	(5,1,'登陆系统','0:0:0:0:0:0:0:1','2016-10-19 23:41:20'),
	(6,1,'登陆系统','0:0:0:0:0:0:0:1','2016-10-21 02:34:19'),
	(7,1,'登陆系统','0:0:0:0:0:0:0:1','2016-10-21 11:31:14'),
	(8,1,'登陆系统','0:0:0:0:0:0:0:1','2016-10-21 11:31:20'),
	(9,1,'[在线表单] 修改','0:0:0:0:0:0:0:1','2016-10-21 13:47:29'),
	(10,1,'登陆系统','0:0:0:0:0:0:0:1','2016-10-22 11:15:25'),
	(11,1,'[在线表单] 修改','0:0:0:0:0:0:0:1','2016-10-22 11:47:05'),
	(12,1,'[在线表单] 修改','0:0:0:0:0:0:0:1','2016-10-22 11:47:38'),
	(13,1,'[在线表单] 修改','0:0:0:0:0:0:0:1','2016-10-22 11:50:30'),
	(14,1,'[在线表单] 修改','0:0:0:0:0:0:0:1','2016-10-22 11:51:32'),
	(15,1,'[在线表单] 修改','0:0:0:0:0:0:0:1','2016-10-22 11:54:28'),
	(16,1,'[在线表单] 修改','0:0:0:0:0:0:0:1','2016-10-22 11:59:10'),
	(17,1,'[在线表单] 修改','0:0:0:0:0:0:0:1','2016-10-22 11:59:22'),
	(18,1,'[在线表单] 修改','0:0:0:0:0:0:0:1','2016-10-22 12:00:34'),
	(19,1,'[在线表单] 修改','0:0:0:0:0:0:0:1','2016-10-22 12:00:49'),
	(20,1,'[角色管理] 增加','0:0:0:0:0:0:0:1','2016-10-22 12:00:57'),
	(21,1,'[角色管理] 删除','0:0:0:0:0:0:0:1','2016-10-22 12:01:00'),
	(22,1,'[在线表单] 修改','0:0:0:0:0:0:0:1','2016-10-22 12:07:48'),
	(23,1,'[在线表单] 修改','0:0:0:0:0:0:0:1','2016-10-22 12:09:03'),
	(24,1,'[在线表单] 修改','0:0:0:0:0:0:0:1','2016-10-22 14:06:30'),
	(25,1,'[在线表单] 修改','0:0:0:0:0:0:0:1','2016-10-22 14:09:37'),
	(26,1,'[小说管理] 增加','0:0:0:0:0:0:0:1','2016-10-22 14:15:04'),
	(27,1,'登陆系统','0:0:0:0:0:0:0:1','2016-10-22 20:28:12'),
	(28,1,'[在线表单] 修改','0:0:0:0:0:0:0:1','2016-10-22 20:48:17'),
	(29,1,'[在线表单] 生成代码','0:0:0:0:0:0:0:1','2016-10-22 21:11:39'),
	(30,1,'退出系统','0:0:0:0:0:0:0:1','2016-10-22 21:27:45'),
	(31,7,'登陆系统','0:0:0:0:0:0:0:1','2016-10-22 21:27:56'),
	(32,7,'退出系统','0:0:0:0:0:0:0:1','2016-10-22 21:27:59'),
	(33,1,'登陆系统','0:0:0:0:0:0:0:1','2016-10-22 21:28:18'),
	(34,1,'[股票历史数据] 删除','0:0:0:0:0:0:0:1','2016-10-22 21:41:49'),
	(35,1,'登陆系统','0:0:0:0:0:0:0:1','2016-10-29 16:57:36'),
	(36,1,'登陆系统','0:0:0:0:0:0:0:1','2016-10-29 16:59:00'),
	(37,1,'[用户管理] 删除','0:0:0:0:0:0:0:1','2016-10-29 16:59:22'),
	(38,1,'[用户管理] 修改','0:0:0:0:0:0:0:1','2016-10-29 16:59:29'),
	(39,1,'[用户管理] 增加','0:0:0:0:0:0:0:1','2016-10-29 16:59:45'),
	(40,1,'退出系统','0:0:0:0:0:0:0:1','2016-10-29 16:59:52'),
	(41,8,'登陆系统','0:0:0:0:0:0:0:1','2016-10-29 16:59:52'),
	(42,8,'退出系统','0:0:0:0:0:0:0:1','2016-10-29 16:59:57'),
	(43,1,'登陆系统','0:0:0:0:0:0:0:1','2016-10-29 17:00:03'),
	(44,8,'登陆系统','0:0:0:0:0:0:0:1','2016-10-29 19:43:30'),
	(45,8,'退出系统','0:0:0:0:0:0:0:1','2016-10-29 20:36:50'),
	(46,8,'登陆系统','0:0:0:0:0:0:0:1','2016-10-29 20:36:50'),
	(47,8,'登陆系统','0:0:0:0:0:0:0:1','2016-10-30 01:44:29'),
	(48,8,'[菜单数据（权限编辑）] 修改','0:0:0:0:0:0:0:1','2016-10-30 01:51:50'),
	(49,8,'退出系统','0:0:0:0:0:0:0:1','2016-10-30 01:51:54'),
	(50,8,'登陆系统','0:0:0:0:0:0:0:1','2016-10-30 01:51:54'),
	(51,8,'退出系统','0:0:0:0:0:0:0:1','2016-10-30 01:52:29'),
	(52,8,'登陆系统','0:0:0:0:0:0:0:1','2016-10-30 01:52:31'),
	(53,8,'退出系统','0:0:0:0:0:0:0:1','2016-10-30 01:52:51'),
	(54,8,'登陆系统','0:0:0:0:0:0:0:1','2016-10-30 01:52:53'),
	(55,8,'退出系统','0:0:0:0:0:0:0:1','2016-10-30 01:53:18'),
	(56,8,'登陆系统','0:0:0:0:0:0:0:1','2016-10-30 01:53:20'),
	(57,8,'退出系统','0:0:0:0:0:0:0:1','2016-10-30 01:53:50'),
	(58,8,'登陆系统','0:0:0:0:0:0:0:1','2016-10-30 01:54:22'),
	(59,8,'退出系统','0:0:0:0:0:0:0:1','2016-10-30 02:02:59'),
	(60,8,'登陆系统','0:0:0:0:0:0:0:1','2016-10-30 02:02:59'),
	(61,8,'[菜单数据（权限编辑）] 删除','0:0:0:0:0:0:0:1','2016-10-30 02:06:35'),
	(62,8,'退出系统','0:0:0:0:0:0:0:1','2016-10-30 02:06:42'),
	(63,8,'登陆系统','0:0:0:0:0:0:0:1','2016-10-30 02:06:42'),
	(64,8,'[菜单数据（权限编辑）] 修改','0:0:0:0:0:0:0:1','2016-10-30 02:07:27'),
	(65,8,'退出系统','0:0:0:0:0:0:0:1','2016-10-30 02:07:31'),
	(66,8,'登陆系统','0:0:0:0:0:0:0:1','2016-10-30 02:07:32'),
	(67,8,'[在线表单] 修改','0:0:0:0:0:0:0:1','2016-10-30 02:07:58'),
	(68,8,'退出系统','0:0:0:0:0:0:0:1','2016-10-30 02:08:25'),
	(69,1,'登陆系统','0:0:0:0:0:0:0:1','2016-10-30 02:08:33'),
	(70,1,'登陆系统','0:0:0:0:0:0:0:1','2016-10-30 02:12:30'),
	(71,8,'登陆系统','0:0:0:0:0:0:0:1','2016-11-05 14:09:38'),
	(72,8,'登陆系统','0:0:0:0:0:0:0:1','2016-11-17 23:54:29'),
	(73,8,'退出系统','0:0:0:0:0:0:0:1','2016-11-17 23:54:32'),
	(74,8,'登陆系统','0:0:0:0:0:0:0:1','2016-11-17 23:58:58'),
	(75,8,'退出系统','0:0:0:0:0:0:0:1','2016-11-17 23:59:03'),
	(76,8,'登陆系统','0:0:0:0:0:0:0:1','2016-11-17 23:59:10'),
	(77,8,'退出系统','0:0:0:0:0:0:0:1','2016-11-17 23:59:13'),
	(78,1,'登陆系统','0:0:0:0:0:0:0:1','2016-11-18 00:11:28'),
	(79,1,'退出系统','0:0:0:0:0:0:0:1','2016-11-18 00:11:35'),
	(80,1,'登陆系统','0:0:0:0:0:0:0:1','2016-11-18 00:11:41'),
	(81,1,'退出系统','0:0:0:0:0:0:0:1','2016-11-18 00:11:48'),
	(82,1,'登陆系统','0:0:0:0:0:0:0:1','2016-11-18 00:11:55'),
	(83,1,'退出系统','0:0:0:0:0:0:0:1','2016-11-18 00:12:00'),
	(84,7,'登陆系统','0:0:0:0:0:0:0:1','2016-11-18 00:15:23'),
	(85,7,'退出系统','0:0:0:0:0:0:0:1','2016-11-18 00:15:27'),
	(86,7,'登陆系统','0:0:0:0:0:0:0:1','2016-11-18 00:15:30'),
	(87,7,'退出系统','0:0:0:0:0:0:0:1','2016-11-18 00:15:33'),
	(88,8,'登陆系统','0:0:0:0:0:0:0:1','2016-11-18 00:22:35'),
	(89,8,'退出系统','0:0:0:0:0:0:0:1','2016-11-18 00:22:38'),
	(90,8,'登陆系统','0:0:0:0:0:0:0:1','2016-11-18 00:22:40'),
	(91,8,'退出系统','0:0:0:0:0:0:0:1','2016-11-18 00:22:43'),
	(92,8,'登陆系统','0:0:0:0:0:0:0:1','2016-11-18 00:22:52'),
	(93,8,'退出系统','0:0:0:0:0:0:0:1','2016-11-18 00:22:57'),
	(94,1,'登陆系统','0:0:0:0:0:0:0:1','2016-11-18 00:23:01'),
	(95,1,'退出系统','0:0:0:0:0:0:0:1','2016-11-18 00:23:04'),
	(96,7,'登陆系统','0:0:0:0:0:0:0:1','2016-11-18 00:23:08'),
	(97,7,'退出系统','0:0:0:0:0:0:0:1','2016-11-18 00:23:11'),
	(98,8,'登陆系统','0:0:0:0:0:0:0:1','2016-11-18 00:28:18'),
	(99,8,'退出系统','0:0:0:0:0:0:0:1','2016-11-18 00:35:22'),
	(100,8,'登陆系统','0:0:0:0:0:0:0:1','2016-11-18 00:35:24'),
	(101,8,'退出系统','0:0:0:0:0:0:0:1','2016-11-18 00:35:27'),
	(102,8,'登陆系统','0:0:0:0:0:0:0:1','2016-11-18 00:35:28'),
	(103,8,'退出系统','0:0:0:0:0:0:0:1','2016-11-18 00:37:23'),
	(104,8,'登陆系统','0:0:0:0:0:0:0:1','2016-11-18 00:38:10'),
	(105,8,'退出系统','0:0:0:0:0:0:0:1','2016-11-18 00:38:13'),
	(106,7,'登陆系统','0:0:0:0:0:0:0:1','2016-11-18 00:38:17'),
	(107,7,'退出系统','0:0:0:0:0:0:0:1','2016-11-18 00:44:18'),
	(108,8,'登陆系统','0:0:0:0:0:0:0:1','2016-11-19 15:40:55'),
	(109,8,'退出系统','0:0:0:0:0:0:0:1','2016-11-19 15:41:00'),
	(110,8,'登陆系统','0:0:0:0:0:0:0:1','2016-11-19 15:41:20'),
	(111,8,'登陆系统','0:0:0:0:0:0:0:1','2016-11-19 15:41:23'),
	(112,8,'[菜单数据（权限编辑）] 修改','0:0:0:0:0:0:0:1','2016-11-19 15:41:50'),
	(113,8,'退出系统','0:0:0:0:0:0:0:1','2016-11-19 15:41:55'),
	(114,8,'登陆系统','0:0:0:0:0:0:0:1','2016-11-19 15:41:56'),
	(115,8,'[菜单数据（权限编辑）] 修改','0:0:0:0:0:0:0:1','2016-11-19 15:43:45'),
	(116,8,'退出系统','0:0:0:0:0:0:0:1','2016-11-19 16:05:52'),
	(117,1,'登陆系统','0:0:0:0:0:0:0:1','2016-11-19 16:06:00'),
	(118,1,'[在线表单] 修改','0:0:0:0:0:0:0:1','2016-11-19 16:08:05'),
	(119,1,'[表单扩展js] 修改','0:0:0:0:0:0:0:1','2016-11-19 16:23:03'),
	(120,1,'[在线表单] 修改','0:0:0:0:0:0:0:1','2016-11-19 16:23:14'),
	(121,1,'[表单扩展js] 修改','0:0:0:0:0:0:0:1','2016-11-19 17:40:19'),
	(122,1,'[表单扩展js] 修改','0:0:0:0:0:0:0:1','2016-11-19 19:06:57'),
	(123,1,'[表单扩展js] 修改','0:0:0:0:0:0:0:1','2016-11-19 19:09:41'),
	(124,1,'[表单扩展js] 修改','0:0:0:0:0:0:0:1','2016-11-19 19:16:22'),
	(125,1,'[表单扩展js] 修改','0:0:0:0:0:0:0:1','2016-11-19 19:21:16'),
	(126,1,'[表单扩展js] 修改','0:0:0:0:0:0:0:1','2016-11-19 19:22:47'),
	(127,1,'[表单扩展js] 修改','0:0:0:0:0:0:0:1','2016-11-19 19:25:45'),
	(128,1,'[表单扩展js] 修改','0:0:0:0:0:0:0:1','2016-11-19 19:28:48'),
	(129,1,'[表单扩展js] 修改','0:0:0:0:0:0:0:1','2016-11-19 19:30:51'),
	(130,1,'[表单扩展js] 修改','0:0:0:0:0:0:0:1','2016-11-19 19:45:23'),
	(131,1,'[在线表单] 修改','0:0:0:0:0:0:0:1','2016-11-19 19:49:19'),
	(132,1,'[在线表单] 修改','0:0:0:0:0:0:0:1','2016-11-19 19:51:00'),
	(133,1,'[表单扩展js] 增加','0:0:0:0:0:0:0:1','2016-11-19 19:52:46'),
	(134,1,'[表单扩展js] 修改','0:0:0:0:0:0:0:1','2016-11-19 19:55:29'),
	(135,1,'[表单扩展js] 修改','0:0:0:0:0:0:0:1','2016-11-19 19:56:19'),
	(136,1,'[表单扩展js] 增加','0:0:0:0:0:0:0:1','2016-11-19 20:00:36'),
	(137,1,'[表单扩展js] 修改','0:0:0:0:0:0:0:1','2016-11-19 20:02:03'),
	(138,1,'[表单扩展js] 删除','0:0:0:0:0:0:0:1','2016-11-19 20:02:54'),
	(139,1,'[表单扩展js] 增加','0:0:0:0:0:0:0:1','2016-11-19 20:03:14'),
	(140,1,'[表单扩展js] 删除','0:0:0:0:0:0:0:1','2016-11-19 20:07:18'),
	(141,1,'[表单扩展js] 增加','0:0:0:0:0:0:0:1','2016-11-19 20:07:35'),
	(142,1,'[表单扩展js] 删除','0:0:0:0:0:0:0:1','2016-11-19 20:07:49'),
	(143,8,'登陆系统','0:0:0:0:0:0:0:1','2016-11-20 00:05:34'),
	(144,8,'退出系统','0:0:0:0:0:0:0:1','2016-11-20 00:05:38'),
	(145,8,'登陆系统','0:0:0:0:0:0:0:1','2016-11-20 00:05:41'),
	(146,8,'[表单扩展js] 修改','0:0:0:0:0:0:0:1','2016-11-20 00:09:10'),
	(147,8,'退出系统','0:0:0:0:0:0:0:1','2016-11-20 00:28:50'),
	(148,8,'登陆系统','0:0:0:0:0:0:0:1','2016-11-20 00:28:50'),
	(149,8,'登陆系统','0:0:0:0:0:0:0:1','2016-11-27 16:53:25'),
	(150,8,'[小说管理] 导出cvs','0:0:0:0:0:0:0:1','2016-11-27 17:36:42'),
	(151,8,'[小说管理] 导出cvs','0:0:0:0:0:0:0:1','2016-11-27 17:37:08'),
	(152,8,'[小说管理] 导出cvs','0:0:0:0:0:0:0:1','2016-11-27 17:42:39'),
	(153,8,'登陆系统','0:0:0:0:0:0:0:1','2016-12-17 15:13:00'),
	(154,8,'登陆系统','0:0:0:0:0:0:0:1','2016-12-17 15:14:08'),
	(155,8,'登陆系统','0:0:0:0:0:0:0:1','2016-12-17 15:24:52'),
	(156,8,'登陆系统','0:0:0:0:0:0:0:1','2016-12-17 15:42:24'),
	(157,8,'登陆系统','0:0:0:0:0:0:0:1','2016-12-17 21:16:49'),
	(158,8,'登陆系统','0:0:0:0:0:0:0:1','2016-12-19 23:59:04'),
	(159,8,'[在线表单] 生成表单','0:0:0:0:0:0:0:1','2016-12-20 00:17:53'),
	(160,8,'[在线表单] 修改','0:0:0:0:0:0:0:1','2016-12-20 00:18:39'),
	(161,8,'[在线表单] 修改','0:0:0:0:0:0:0:1','2016-12-20 00:20:59'),
	(162,8,'[图片管理] 增加','0:0:0:0:0:0:0:1','2016-12-20 01:15:06'),
	(163,8,'[在线表单] 修改','0:0:0:0:0:0:0:1','2016-12-20 01:15:23'),
	(164,8,'[图片管理] 增加','0:0:0:0:0:0:0:1','2016-12-20 01:15:54'),
	(165,8,'[图片管理] 增加','0:0:0:0:0:0:0:1','2016-12-20 01:30:25'),
	(166,8,'[图片管理] 增加','0:0:0:0:0:0:0:1','2016-12-20 01:31:16'),
	(167,8,'登陆系统','0:0:0:0:0:0:0:1','2016-12-20 23:41:45'),
	(168,8,'[图片管理] 增加','0:0:0:0:0:0:0:1','2016-12-20 23:42:10'),
	(169,8,'[图片管理] 增加','0:0:0:0:0:0:0:1','2016-12-21 00:06:07'),
	(170,8,'[图片管理] 修改','0:0:0:0:0:0:0:1','2016-12-21 00:06:18'),
	(171,8,'[图片管理] 修改','0:0:0:0:0:0:0:1','2016-12-21 00:06:30'),
	(172,8,'[图片管理] 修改','0:0:0:0:0:0:0:1','2016-12-21 00:08:10'),
	(173,8,'[图片管理] 修改','0:0:0:0:0:0:0:1','2016-12-21 00:08:18'),
	(174,8,'[图片管理] 修改','0:0:0:0:0:0:0:1','2016-12-21 00:08:27'),
	(175,8,'[图片管理] 修改','0:0:0:0:0:0:0:1','2016-12-21 00:08:34'),
	(176,8,'[图片管理] 修改','0:0:0:0:0:0:0:1','2016-12-21 00:18:03'),
	(177,8,'[图片管理] 修改','0:0:0:0:0:0:0:1','2016-12-21 00:35:14'),
	(178,8,'[菜单管理] 增加','0:0:0:0:0:0:0:1','2016-12-21 01:12:05'),
	(179,8,'退出系统','0:0:0:0:0:0:0:1','2016-12-21 01:13:01'),
	(180,1,'登陆系统','0:0:0:0:0:0:0:1','2016-12-21 01:13:10'),
	(181,1,'[菜单管理] 修改','0:0:0:0:0:0:0:1','2016-12-21 01:17:00'),
	(182,1,'[在线表单] 生成表单','0:0:0:0:0:0:0:1','2016-12-21 01:20:15'),
	(183,1,'[在线表单] 修改','0:0:0:0:0:0:0:1','2016-12-21 01:21:21'),
	(184,8,'登陆系统','0:0:0:0:0:0:0:1','2016-12-21 22:43:26'),
	(185,8,'退出系统','0:0:0:0:0:0:0:1','2016-12-21 22:43:34'),
	(186,1,'登陆系统','0:0:0:0:0:0:0:1','2016-12-21 22:43:39'),
	(187,1,'[图片管理] 修改','0:0:0:0:0:0:0:1','2016-12-21 22:46:04'),
	(188,1,'[菜单管理] 修改','0:0:0:0:0:0:0:1','2016-12-21 22:50:46'),
	(189,1,'[菜单管理] 修改','0:0:0:0:0:0:0:1','2016-12-21 22:50:51'),
	(190,1,'[角色管理] 增加','0:0:0:0:0:0:0:1','2016-12-21 22:51:10'),
	(191,1,'[在线表单] 删除','0:0:0:0:0:0:0:1','2016-12-21 22:52:08'),
	(192,1,'[在线表单] 修改','0:0:0:0:0:0:0:1','2016-12-21 22:52:35'),
	(193,1,'[角色管理] 删除','0:0:0:0:0:0:0:1','2016-12-21 22:52:45'),
	(194,1,'[权限管理] 修改','0:0:0:0:0:0:0:1','2016-12-21 22:53:06'),
	(195,1,'[权限管理] 修改','0:0:0:0:0:0:0:1','2016-12-21 22:53:43'),
	(196,1,'[权限管理] 修改','0:0:0:0:0:0:0:1','2016-12-21 22:55:17'),
	(197,1,'[权限管理] 修改','0:0:0:0:0:0:0:1','2016-12-21 22:56:02'),
	(198,1,'[菜单数据（权限编辑）] 增加','0:0:0:0:0:0:0:1','2016-12-21 22:56:26'),
	(199,1,'[权限管理] 修改','0:0:0:0:0:0:0:1','2016-12-21 22:56:29'),
	(200,1,'[权限管理] 修改','0:0:0:0:0:0:0:1','2016-12-21 22:56:50'),
	(201,1,'[菜单数据（权限编辑）] 增加','0:0:0:0:0:0:0:1','2016-12-21 22:57:56'),
	(202,1,'[权限管理] 修改','0:0:0:0:0:0:0:1','2016-12-21 22:58:00'),
	(203,1,'[菜单按钮（权限编辑）] 删除','0:0:0:0:0:0:0:1','2016-12-21 22:59:52'),
	(204,1,'[菜单数据（权限编辑）] 增加','0:0:0:0:0:0:0:1','2016-12-21 23:01:02'),
	(205,1,'[权限管理] 修改','0:0:0:0:0:0:0:1','2016-12-21 23:01:04'),
	(206,1,'[权限管理] 修改','0:0:0:0:0:0:0:1','2016-12-21 23:01:25'),
	(207,1,'[权限管理] 修改','0:0:0:0:0:0:0:1','2016-12-21 23:01:42'),
	(208,1,'退出系统','0:0:0:0:0:0:0:1','2016-12-21 23:01:48'),
	(209,2,'登陆系统','0:0:0:0:0:0:0:1','2016-12-21 23:01:49'),
	(210,2,'退出系统','0:0:0:0:0:0:0:1','2016-12-21 23:03:29'),
	(211,2,'登陆系统','0:0:0:0:0:0:0:1','2016-12-21 23:03:30'),
	(212,2,'退出系统','0:0:0:0:0:0:0:1','2016-12-21 23:03:39'),
	(213,1,'登陆系统','0:0:0:0:0:0:0:1','2016-12-21 23:03:42'),
	(214,1,'[用户管理] 修改','0:0:0:0:0:0:0:1','2016-12-21 23:04:09'),
	(215,1,'[权限管理] 修改','0:0:0:0:0:0:0:1','2016-12-21 23:04:36'),
	(216,1,'[权限管理] 修改','0:0:0:0:0:0:0:1','2016-12-21 23:04:40'),
	(217,1,'[权限管理] 修改','0:0:0:0:0:0:0:1','2016-12-21 23:05:15'),
	(218,1,'[权限管理] 修改','0:0:0:0:0:0:0:1','2016-12-21 23:05:22'),
	(219,1,'[用户管理] 修改','0:0:0:0:0:0:0:1','2016-12-21 23:05:36'),
	(220,1,'退出系统','0:0:0:0:0:0:0:1','2016-12-21 23:05:38'),
	(221,2,'登陆系统','0:0:0:0:0:0:0:1','2016-12-21 23:05:39'),
	(222,2,'[在线表单] 生成表单','0:0:0:0:0:0:0:1','2016-12-21 23:07:45'),
	(223,2,'[在线表单] 修改','0:0:0:0:0:0:0:1','2016-12-21 23:08:21'),
	(224,2,'[在线表单] 修改','0:0:0:0:0:0:0:1','2016-12-21 23:09:03'),
	(225,2,'[在线表单] 生成表单','0:0:0:0:0:0:0:1','2016-12-21 23:09:46'),
	(226,2,'退出系统','0:0:0:0:0:0:0:1','2016-12-21 23:09:50'),
	(227,1,'登陆系统','0:0:0:0:0:0:0:1','2016-12-21 23:09:57'),
	(228,1,'[在线表单] 修改','0:0:0:0:0:0:0:1','2016-12-21 23:10:52'),
	(229,1,'[小说链接] 增加','0:0:0:0:0:0:0:1','2016-12-21 23:11:02'),
	(230,1,'[小说链接] 删除','0:0:0:0:0:0:0:1','2016-12-21 23:11:06'),
	(231,1,'[在线表单] 修改','0:0:0:0:0:0:0:1','2016-12-21 23:11:22'),
	(232,1,'[在线表单] 修改','0:0:0:0:0:0:0:1','2016-12-21 23:11:50'),
	(233,1,'[在线表单] 修改','0:0:0:0:0:0:0:1','2016-12-21 23:12:25'),
	(234,1,'[在线表单] 生成表单','0:0:0:0:0:0:0:1','2016-12-21 23:12:51'),
	(235,1,'[在线表单] 修改','0:0:0:0:0:0:0:1','2016-12-21 23:13:11'),
	(236,1,'[在线表单] 修改','0:0:0:0:0:0:0:1','2016-12-21 23:13:46'),
	(237,2,'登陆系统','0:0:0:0:0:0:0:1','2017-01-08 14:10:41'),
	(238,2,'[图片管理] 修改','0:0:0:0:0:0:0:1','2017-01-08 14:11:33'),
	(239,2,'[图片管理] 修改','0:0:0:0:0:0:0:1','2017-01-08 14:12:25'),
	(240,2,'[图片管理] 修改','0:0:0:0:0:0:0:1','2017-01-08 14:12:50'),
	(241,2,'[小说管理] 增加','0:0:0:0:0:0:0:1','2017-01-08 14:19:13'),
	(242,2,'[小说管理] 修改','0:0:0:0:0:0:0:1','2017-01-08 14:19:19'),
	(243,1,'登陆系统','0:0:0:0:0:0:0:1','2017-01-26 20:00:58'),
	(244,1,'[客户管理] 增加','0:0:0:0:0:0:0:1','2017-01-26 20:05:53'),
	(245,1,'[客户管理] 修改','0:0:0:0:0:0:0:1','2017-01-26 20:06:03'),
	(246,1,'退出系统','0:0:0:0:0:0:0:1','2017-01-26 20:13:51'),
	(247,2,'登陆系统','0:0:0:0:0:0:0:1','2017-01-27 11:59:56'),
	(248,2,'登陆系统','0:0:0:0:0:0:0:1','2017-01-27 13:42:12'),
	(249,2,'退出系统','0:0:0:0:0:0:0:1','2017-01-27 13:42:26'),
	(250,1,'登陆系统','0:0:0:0:0:0:0:1','2017-01-27 13:42:33'),
	(251,1,'[表单扩展按钮] 增加','0:0:0:0:0:0:0:1','2017-01-27 13:44:38'),
	(252,1,'[系统用户] 重置密码','0:0:0:0:0:0:0:1','2017-01-27 13:58:02'),
	(253,1,'退出系统','0:0:0:0:0:0:0:1','2017-01-27 13:59:21'),
	(254,11,'登陆系统','0:0:0:0:0:0:0:1','2017-01-27 14:00:09'),
	(255,11,'退出系统','0:0:0:0:0:0:0:1','2017-01-27 14:00:34'),
	(256,2,'登陆系统','0:0:0:0:0:0:0:1','2017-01-27 14:00:52'),
	(257,2,'登陆系统','0:0:0:0:0:0:0:1','2017-01-27 14:09:49'),
	(258,2,'[用户管理] 增加','0:0:0:0:0:0:0:1','2017-01-27 14:10:00'),
	(259,2,'[用户管理] 增加','0:0:0:0:0:0:0:1','2017-01-27 14:16:34'),
	(260,2,'[用户管理] 增加','0:0:0:0:0:0:0:1','2017-01-27 14:17:23'),
	(261,2,'[用户管理] 增加','0:0:0:0:0:0:0:1','2017-01-27 14:19:26'),
	(262,2,'[用户管理] 增加','0:0:0:0:0:0:0:1','2017-01-27 14:29:27'),
	(263,2,'登陆系统','0:0:0:0:0:0:0:1','2017-01-27 14:33:10'),
	(264,2,'[用户管理] 增加','0:0:0:0:0:0:0:1','2017-01-27 14:33:21'),
	(265,2,'退出系统','0:0:0:0:0:0:0:1','2017-01-27 14:55:33'),
	(266,2,'登陆系统','0:0:0:0:0:0:0:1','2017-01-27 14:55:39'),
	(267,2,'退出系统','0:0:0:0:0:0:0:1','2017-01-27 14:56:27'),
	(268,1,'登陆系统','0:0:0:0:0:0:0:1','2017-01-27 14:56:42'),
	(269,1,'[用户行为] 修改密码','0:0:0:0:0:0:0:1','2017-01-27 15:01:31'),
	(270,1,'[用户管理] 删除','0:0:0:0:0:0:0:1','2017-01-27 15:05:21'),
	(271,1,'[菜单按钮（权限编辑）] 增加','0:0:0:0:0:0:0:1','2017-01-27 15:07:20'),
	(272,1,'[系统用户] 重置密码','0:0:0:0:0:0:0:1','2017-01-27 15:07:44'),
	(273,1,'退出系统','0:0:0:0:0:0:0:1','2017-01-27 15:07:50'),
	(274,2,'登陆系统','0:0:0:0:0:0:0:1','2017-01-27 15:07:52'),
	(275,2,'登陆系统','0:0:0:0:0:0:0:1','2017-01-27 15:22:05'),
	(276,2,'退出系统','0:0:0:0:0:0:0:1','2017-01-27 15:34:00'),
	(277,1,'登陆系统','0:0:0:0:0:0:0:1','2017-01-27 15:34:11'),
	(278,1,'[在线表单] 修改','0:0:0:0:0:0:0:1','2017-01-27 15:38:07'),
	(279,2,'登陆系统','0:0:0:0:0:0:0:1','2017-01-28 09:09:11'),
	(280,2,'退出系统','0:0:0:0:0:0:0:1','2017-01-28 09:10:23'),
	(281,1,'登陆系统','0:0:0:0:0:0:0:1','2017-01-28 09:10:31'),
	(282,1,'[在线表单] 修改','0:0:0:0:0:0:0:1','2017-01-28 09:11:12'),
	(283,2,'登陆系统','0:0:0:0:0:0:0:1','2017-01-28 10:06:24'),
	(284,2,'退出系统','0:0:0:0:0:0:0:1','2017-01-28 11:02:04'),
	(285,1,'登陆系统','0:0:0:0:0:0:0:1','2017-01-28 11:02:12'),
	(286,1,'退出系统','0:0:0:0:0:0:0:1','2017-01-28 11:54:42'),
	(287,2,'登陆系统','0:0:0:0:0:0:0:1','2017-01-28 11:54:44'),
	(288,2,'[菜单按钮（权限编辑）] 修改','0:0:0:0:0:0:0:1','2017-01-28 11:55:46'),
	(289,2,'退出系统','0:0:0:0:0:0:0:1','2017-01-28 11:55:50'),
	(290,2,'登陆系统','0:0:0:0:0:0:0:1','2017-01-28 11:55:51'),
	(291,2,'[图片管理] 修改','0:0:0:0:0:0:0:1','2017-01-28 11:58:41'),
	(292,2,'[图片管理] 修改','0:0:0:0:0:0:0:1','2017-01-28 11:59:04'),
	(293,2,'[图片管理] 修改','0:0:0:0:0:0:0:1','2017-01-28 12:03:19'),
	(294,2,'[图片管理] 修改','0:0:0:0:0:0:0:1','2017-01-28 12:05:07'),
	(295,2,'[图片管理] 导出cvs','0:0:0:0:0:0:0:1','2017-01-28 12:08:37'),
	(296,2,'退出系统','0:0:0:0:0:0:0:1','2017-01-28 13:20:24'),
	(297,1,'登陆系统','0:0:0:0:0:0:0:1','2017-01-28 13:20:30'),
	(298,2,'登陆系统','0:0:0:0:0:0:0:1','2017-02-04 14:47:40'),
	(299,2,'登陆系统','0:0:0:0:0:0:0:1','2017-02-05 19:12:22'),
	(300,2,'登陆系统','0:0:0:0:0:0:0:1','2017-02-25 17:47:47'),
	(301,2,'登陆系统','0:0:0:0:0:0:0:1','2017-02-25 17:49:01'),
	(302,2,'[在线表单] 修改','0:0:0:0:0:0:0:1','2017-02-25 17:56:02'),
	(303,2,'[在线表单] 修改','0:0:0:0:0:0:0:1','2017-02-25 17:56:43'),
	(304,2,'[在线表单] 修改','0:0:0:0:0:0:0:1','2017-02-25 18:00:51'),
	(305,2,'[在线表单] 修改','0:0:0:0:0:0:0:1','2017-02-25 18:07:16'),
	(306,2,'[在线表单] 修改','0:0:0:0:0:0:0:1','2017-02-25 18:11:17'),
	(307,2,'登陆系统','0:0:0:0:0:0:0:1','2017-02-25 18:11:29'),
	(308,2,'[在线表单] 修改','0:0:0:0:0:0:0:1','2017-02-25 18:11:38'),
	(309,2,'登陆系统','0:0:0:0:0:0:0:1','2017-02-25 20:18:10'),
	(310,2,'登陆系统','0:0:0:0:0:0:0:1','2017-02-25 20:32:07'),
	(311,2,'登陆系统','0:0:0:0:0:0:0:1','2017-02-25 21:09:56'),
	(312,2,'[在线表单] 修改','0:0:0:0:0:0:0:1','2017-02-25 21:10:10'),
	(313,2,'[图片管理] 增加','0:0:0:0:0:0:0:1','2017-02-25 21:11:20'),
	(314,2,'[图片管理] 修改','0:0:0:0:0:0:0:1','2017-02-25 21:11:58'),
	(315,2,'[图片管理] 增加','0:0:0:0:0:0:0:1','2017-02-25 21:12:08'),
	(316,2,'登陆系统','0:0:0:0:0:0:0:1','2017-02-25 23:55:43'),
	(317,2,'[在线表单] 修改','0:0:0:0:0:0:0:1','2017-02-25 23:55:57'),
	(318,2,'[图片管理] 增加','0:0:0:0:0:0:0:1','2017-02-25 23:57:18'),
	(319,2,'[图片管理] 删除','0:0:0:0:0:0:0:1','2017-02-25 23:57:32'),
	(320,2,'登陆系统','0:0:0:0:0:0:0:1','2017-02-26 00:08:53'),
	(321,2,'[图片管理] 增加','0:0:0:0:0:0:0:1','2017-02-26 00:09:08'),
	(322,2,'[图片管理] 增加','0:0:0:0:0:0:0:1','2017-02-26 00:09:57'),
	(323,2,'退出系统','0:0:0:0:0:0:0:1','2017-02-26 00:30:24'),
	(324,1,'登陆系统','0:0:0:0:0:0:0:1','2017-02-26 00:30:33'),
	(325,1,'[表单扩展js] 增加','0:0:0:0:0:0:0:1','2017-02-26 00:39:56'),
	(326,1,'退出系统','0:0:0:0:0:0:0:1','2017-02-26 00:40:05'),
	(327,2,'登陆系统','0:0:0:0:0:0:0:1','2017-02-26 00:40:06'),
	(328,2,'登陆系统','0:0:0:0:0:0:0:1','2017-03-04 16:09:48'),
	(329,2,'[在线表单] 生成表单','0:0:0:0:0:0:0:1','2017-03-04 16:10:22'),
	(330,2,'[定时任务] 修改','0:0:0:0:0:0:0:1','2017-03-04 16:10:37'),
	(331,2,'登陆系统','0:0:0:0:0:0:0:1','2017-03-04 16:25:08'),
	(332,2,'[在线表单] 修改','0:0:0:0:0:0:0:1','2017-03-04 16:26:03'),
	(333,2,'[在线表单] 生成代码','0:0:0:0:0:0:0:1','2017-03-04 16:26:07'),
	(334,2,'登陆系统','0:0:0:0:0:0:0:1','2017-03-04 16:28:04'),
	(335,2,'[定时任务] 修改','0:0:0:0:0:0:0:1','2017-03-04 16:29:02'),
	(336,2,'[定时任务] 修改','0:0:0:0:0:0:0:1','2017-03-04 16:29:11'),
	(337,2,'[定时任务] 修改','0:0:0:0:0:0:0:1','2017-03-04 16:29:17'),
	(338,2,'[定时任务] 修改','0:0:0:0:0:0:0:1','2017-03-04 16:34:08'),
	(339,2,'[定时任务] 修改','0:0:0:0:0:0:0:1','2017-03-04 16:35:12'),
	(340,2,'[定时任务] 修改','0:0:0:0:0:0:0:1','2017-03-04 16:36:00'),
	(341,2,'[定时任务] 修改','0:0:0:0:0:0:0:1','2017-03-04 16:36:08'),
	(342,2,'[定时任务] 修改','0:0:0:0:0:0:0:1','2017-03-04 16:36:46'),
	(343,2,'[定时任务] 修改','0:0:0:0:0:0:0:1','2017-03-04 16:37:23'),
	(344,2,'[定时任务] 修改','0:0:0:0:0:0:0:1','2017-03-04 16:37:41'),
	(345,2,'[定时任务] 修改','0:0:0:0:0:0:0:1','2017-03-04 16:38:34'),
	(346,2,'[定时任务] 修改','0:0:0:0:0:0:0:1','2017-03-04 16:39:08'),
	(347,2,'登陆系统','0:0:0:0:0:0:0:1','2017-03-04 17:03:10'),
	(348,2,'登陆系统','0:0:0:0:0:0:0:1','2017-03-04 17:04:51'),
	(349,2,'[定时任务] 修改','0:0:0:0:0:0:0:1','2017-03-04 17:05:04'),
	(350,2,'[定时任务] 修改','0:0:0:0:0:0:0:1','2017-03-04 17:05:10'),
	(351,2,'[定时任务] 修改','0:0:0:0:0:0:0:1','2017-03-04 17:05:21'),
	(352,2,'登陆系统','0:0:0:0:0:0:0:1','2017-03-04 17:19:08'),
	(353,2,'[定时任务] 修改','0:0:0:0:0:0:0:1','2017-03-04 17:19:17'),
	(354,2,'[定时任务] 修改','0:0:0:0:0:0:0:1','2017-03-04 17:19:27'),
	(355,2,'[定时任务] 修改','0:0:0:0:0:0:0:1','2017-03-04 17:19:33'),
	(356,2,'登陆系统','0:0:0:0:0:0:0:1','2017-03-04 17:31:20'),
	(357,2,'[定时任务] 增加','0:0:0:0:0:0:0:1','2017-03-04 17:32:03'),
	(358,2,'登陆系统','0:0:0:0:0:0:0:1','2017-03-04 17:49:57'),
	(359,2,'[定时任务] 修改','0:0:0:0:0:0:0:1','2017-03-04 17:50:09'),
	(360,2,'[定时任务] 修改','0:0:0:0:0:0:0:1','2017-03-04 17:52:19'),
	(361,2,'登陆系统','0:0:0:0:0:0:0:1','2017-03-04 23:46:25'),
	(362,2,'[定时任务] 修改','0:0:0:0:0:0:0:1','2017-03-04 23:47:53'),
	(363,2,'[定时任务] 修改','0:0:0:0:0:0:0:1','2017-03-04 23:56:02'),
	(364,2,'[定时任务] 修改','0:0:0:0:0:0:0:1','2017-03-04 23:59:18'),
	(365,2,'登陆系统','0:0:0:0:0:0:0:1','2017-03-05 00:22:40'),
	(366,2,'[定时任务] 修改','0:0:0:0:0:0:0:1','2017-03-05 00:22:47'),
	(367,2,'登陆系统','0:0:0:0:0:0:0:1','2017-03-05 00:26:15'),
	(368,2,'[定时任务] 修改','0:0:0:0:0:0:0:1','2017-03-05 00:26:23'),
	(369,2,'[定时任务] 修改','0:0:0:0:0:0:0:1','2017-03-05 00:26:28'),
	(370,2,'登陆系统','0:0:0:0:0:0:0:1','2017-03-05 00:29:54'),
	(371,2,'[定时任务] 增加','0:0:0:0:0:0:0:1','2017-03-05 00:30:20'),
	(372,2,'登陆系统','0:0:0:0:0:0:0:1','2017-03-05 00:32:42'),
	(373,2,'[定时任务] 增加','0:0:0:0:0:0:0:1','2017-03-05 00:33:17'),
	(374,2,'[定时任务] 删除','0:0:0:0:0:0:0:1','2017-03-05 00:41:32'),
	(375,2,'[定时任务] 修改','0:0:0:0:0:0:0:1','2017-03-05 00:52:01'),
	(376,2,'登陆系统','0:0:0:0:0:0:0:1','2017-03-05 01:30:43'),
	(377,2,'登陆系统','0:0:0:0:0:0:0:1','2017-03-05 01:57:56'),
	(378,2,'登陆系统','0:0:0:0:0:0:0:1','2017-03-12 23:09:19'),
	(379,2,'退出系统','0:0:0:0:0:0:0:1','2017-03-12 23:09:23'),
	(380,1,'登陆系统','0:0:0:0:0:0:0:1','2017-03-12 23:09:29'),
	(381,1,'[表单扩展按钮] 增加','0:0:0:0:0:0:0:1','2017-03-12 23:12:57'),
	(382,1,'[在线表单] 修改','0:0:0:0:0:0:0:1','2017-03-12 23:13:03'),
	(383,1,'[数据字典] 增加','0:0:0:0:0:0:0:1','2017-03-12 23:20:30'),
	(384,1,'[数据字典] 增加','0:0:0:0:0:0:0:1','2017-03-12 23:20:45'),
	(385,1,'[在线表单] 修改','0:0:0:0:0:0:0:1','2017-03-12 23:28:11'),
	(386,1,'[在线表单] 修改','0:0:0:0:0:0:0:1','2017-03-12 23:29:06'),
	(387,1,'[在线表单] 修改','0:0:0:0:0:0:0:1','2017-03-12 23:35:21'),
	(388,1,'[在线表单] 修改','0:0:0:0:0:0:0:1','2017-03-12 23:36:07'),
	(389,1,'[在线表单] 修改','0:0:0:0:0:0:0:1','2017-03-12 23:38:34'),
	(390,1,'[在线表单] 修改','0:0:0:0:0:0:0:1','2017-03-12 23:39:39'),
	(391,1,'[在线表单] 修改','0:0:0:0:0:0:0:1','2017-03-12 23:41:54'),
	(392,1,'[在线表单] 修改','0:0:0:0:0:0:0:1','2017-03-12 23:43:15'),
	(393,2,'登陆系统','0:0:0:0:0:0:0:1','2017-03-12 23:51:23'),
	(394,2,'[在线表单] 修改','0:0:0:0:0:0:0:1','2017-03-12 23:52:53'),
	(395,2,'[在线表单] 修改','0:0:0:0:0:0:0:1','2017-03-12 23:53:59'),
	(396,2,'[在线表单] 生成代码','0:0:0:0:0:0:0:1','2017-03-12 23:55:44'),
	(397,2,'登陆系统','0:0:0:0:0:0:0:1','2017-03-13 00:23:52'),
	(398,2,'[定时任务] 修改','0:0:0:0:0:0:0:1','2017-03-13 00:26:16'),
	(399,2,'登陆系统','0:0:0:0:0:0:0:1','2017-03-14 23:13:10'),
	(400,2,'登陆系统','0:0:0:0:0:0:0:1','2017-03-14 23:42:08'),
	(401,2,'[在线表单] 生成表单','0:0:0:0:0:0:0:1','2017-03-15 00:07:20'),
	(402,2,'[在线表单] 修改','0:0:0:0:0:0:0:1','2017-03-15 00:09:02'),
	(403,2,'[在线表单] 修改','0:0:0:0:0:0:0:1','2017-03-15 00:11:05'),
	(404,2,'[在线表单] 修改','0:0:0:0:0:0:0:1','2017-03-15 00:11:46'),
	(405,2,'[在线表单] 修改','0:0:0:0:0:0:0:1','2017-03-15 00:18:56'),
	(406,2,'登陆系统','0:0:0:0:0:0:0:1','2017-03-15 23:40:22'),
	(407,2,'[菜单管理] 修改','0:0:0:0:0:0:0:1','2017-03-15 23:53:43'),
	(408,2,'[菜单管理] 修改','0:0:0:0:0:0:0:1','2017-03-15 23:53:53'),
	(409,2,'[菜单管理] 修改','0:0:0:0:0:0:0:1','2017-03-15 23:54:02'),
	(410,2,'[菜单管理] 增加','0:0:0:0:0:0:0:1','2017-03-15 23:55:05'),
	(411,2,'退出系统','0:0:0:0:0:0:0:1','2017-03-15 23:55:08'),
	(412,1,'登陆系统','0:0:0:0:0:0:0:1','2017-03-15 23:55:12'),
	(413,1,'[菜单管理] 修改','0:0:0:0:0:0:0:1','2017-03-15 23:55:43'),
	(414,1,'[表单扩展js] 增加','0:0:0:0:0:0:0:1','2017-03-15 23:59:43'),
	(415,1,'[表单扩展js] 修改','0:0:0:0:0:0:0:1','2017-03-16 00:01:01'),
	(416,1,'[表单扩展js] 修改','0:0:0:0:0:0:0:1','2017-03-16 00:02:51'),
	(417,1,'[表单扩展js] 修改','0:0:0:0:0:0:0:1','2017-03-16 00:03:26'),
	(418,2,'登陆系统','0:0:0:0:0:0:0:1','2017-03-18 12:53:53'),
	(419,2,'退出系统','0:0:0:0:0:0:0:1','2017-03-18 12:54:31'),
	(420,1,'登陆系统','0:0:0:0:0:0:0:1','2017-03-18 12:54:40'),
	(421,1,'[定时任务] 增加','0:0:0:0:0:0:0:1','2017-03-18 14:43:56'),
	(422,1,'[数据字典] 增加','0:0:0:0:0:0:0:1','2017-03-18 14:47:57'),
	(423,1,'[数据字典] 修改','0:0:0:0:0:0:0:1','2017-03-18 14:48:33'),
	(424,1,'[数据字典] 修改','0:0:0:0:0:0:0:1','2017-03-18 14:49:02'),
	(425,2,'登陆系统','0:0:0:0:0:0:0:1','2017-03-20 22:34:25'),
	(426,2,'退出系统','0:0:0:0:0:0:0:1','2017-03-20 22:34:51'),
	(427,1,'登陆系统','0:0:0:0:0:0:0:1','2017-03-20 22:34:56'),
	(428,1,'[定时任务] 增加','0:0:0:0:0:0:0:1','2017-03-20 22:45:24'),
	(429,1,'[定时任务] 修改','0:0:0:0:0:0:0:1','2017-03-20 22:47:35'),
	(430,1,'[定时任务] 修改','0:0:0:0:0:0:0:1','2017-03-20 22:49:48'),
	(431,1,'[定时任务] 修改','0:0:0:0:0:0:0:1','2017-03-20 22:49:54'),
	(432,1,'[定时任务] 增加','0:0:0:0:0:0:0:1','2017-03-20 22:51:18'),
	(433,1,'[定时任务] 修改','0:0:0:0:0:0:0:1','2017-03-20 22:51:24'),
	(434,1,'[定时任务] 修改','0:0:0:0:0:0:0:1','2017-03-20 22:51:32'),
	(435,1,'[定时任务] 修改','0:0:0:0:0:0:0:1','2017-03-20 22:51:43'),
	(436,1,'[定时任务] 修改','0:0:0:0:0:0:0:1','2017-03-20 22:57:44'),
	(437,1,'[定时任务] 修改','0:0:0:0:0:0:0:1','2017-03-20 22:58:18'),
	(438,1,'[定时任务] 修改','0:0:0:0:0:0:0:1','2017-03-20 22:58:24'),
	(439,1,'登陆系统','0:0:0:0:0:0:0:1','2017-03-20 23:01:15'),
	(440,2,'登陆系统','0:0:0:0:0:0:0:1','2017-03-20 23:27:49'),
	(441,2,'退出系统','0:0:0:0:0:0:0:1','2017-03-20 23:27:52'),
	(442,2,'登陆系统','0:0:0:0:0:0:0:1','2017-03-20 23:28:12'),
	(443,2,'退出系统','0:0:0:0:0:0:0:1','2017-03-20 23:28:20'),
	(444,1,'登陆系统','0:0:0:0:0:0:0:1','2017-03-20 23:28:23'),
	(445,1,'[用户行为] 修改密码','0:0:0:0:0:0:0:1','2017-03-20 23:28:45'),
	(446,1,'退出系统','0:0:0:0:0:0:0:1','2017-03-20 23:28:48'),
	(447,1,'登陆系统','0:0:0:0:0:0:0:1','2017-03-20 23:28:58'),
	(448,1,'[定时任务] 删除','0:0:0:0:0:0:0:1','2017-03-20 23:29:10'),
	(449,1,'[定时任务] 删除','0:0:0:0:0:0:0:1','2017-03-20 23:29:13'),
	(450,1,'[定时任务] 修改','0:0:0:0:0:0:0:1','2017-03-20 23:29:22'),
	(451,1,'[定时任务] 增加','0:0:0:0:0:0:0:1','2017-03-20 23:49:00'),
	(452,1,'[定时任务] 删除','0:0:0:0:0:0:0:1','2017-03-20 23:49:08'),
	(453,1,'登陆系统','0:0:0:0:0:0:0:1','2017-03-21 00:07:07'),
	(454,2,'登陆系统','0:0:0:0:0:0:0:1','2017-03-23 22:48:59'),
	(455,2,'退出系统','0:0:0:0:0:0:0:1','2017-03-23 22:49:06'),
	(456,2,'登陆系统','0:0:0:0:0:0:0:1','2017-03-23 22:50:11'),
	(457,2,'退出系统','0:0:0:0:0:0:0:1','2017-03-23 22:50:29'),
	(458,1,'登陆系统','0:0:0:0:0:0:0:1','2017-03-23 22:55:27'),
	(459,1,'登陆系统','0:0:0:0:0:0:0:1','2017-03-23 22:55:28'),
	(460,1,'退出系统','0:0:0:0:0:0:0:1','2017-03-23 22:55:57'),
	(461,1,'登陆系统','0:0:0:0:0:0:0:1','2017-03-23 22:56:00'),
	(462,1,'[定时任务] 修改','0:0:0:0:0:0:0:1','2017-03-23 23:00:22'),
	(463,2,'登陆系统','0:0:0:0:0:0:0:1','2017-03-23 23:10:48'),
	(464,1,'登陆系统','0:0:0:0:0:0:0:1','2017-03-23 23:10:53'),
	(465,2,'登陆系统','0:0:0:0:0:0:0:1','2017-03-26 22:16:44'),
	(466,2,'退出系统','0:0:0:0:0:0:0:1','2017-03-26 22:17:20'),
	(467,1,'登陆系统','0:0:0:0:0:0:0:1','2017-03-26 22:17:22'),
	(468,1,'[定时任务] 修改','0:0:0:0:0:0:0:1','2017-03-26 22:17:44'),
	(469,1,'[定时任务] 修改','0:0:0:0:0:0:0:1','2017-03-26 22:17:57'),
	(470,1,'[定时任务] 修改','0:0:0:0:0:0:0:1','2017-03-26 22:36:12'),
	(471,2,'登陆系统','0:0:0:0:0:0:0:1','2017-03-28 23:24:45'),
	(472,2,'退出系统','0:0:0:0:0:0:0:1','2017-03-28 23:24:49'),
	(473,1,'登陆系统','0:0:0:0:0:0:0:1','2017-03-28 23:24:52'),
	(474,1,'[数据字典] 修改','0:0:0:0:0:0:0:1','2017-03-28 23:25:21'),
	(475,1,'[数据字典] 修改','0:0:0:0:0:0:0:1','2017-03-28 23:25:45'),
	(476,1,'[数据字典] 增加','0:0:0:0:0:0:0:1','2017-03-28 23:26:27'),
	(477,1,'[数据字典] 修改','0:0:0:0:0:0:0:1','2017-03-28 23:26:35'),
	(478,1,'[在线表单] 生成代码','0:0:0:0:0:0:0:1','2017-03-29 00:00:56'),
	(479,1,'[在线表单] 生成代码','0:0:0:0:0:0:0:1','2017-03-29 00:01:49'),
	(480,2,'登陆系统','0:0:0:0:0:0:0:1','2017-03-29 23:15:37'),
	(481,2,'退出系统','0:0:0:0:0:0:0:1','2017-03-29 23:15:41'),
	(482,1,'登陆系统','0:0:0:0:0:0:0:1','2017-03-29 23:15:44'),
	(483,2,'登陆系统','0:0:0:0:0:0:0:1','2017-04-07 23:32:36'),
	(484,2,'退出系统','0:0:0:0:0:0:0:1','2017-04-07 23:34:30'),
	(485,1,'登陆系统','0:0:0:0:0:0:0:1','2017-04-07 23:34:34'),
	(486,1,'[权限管理] 修改','0:0:0:0:0:0:0:1','2017-04-07 23:35:21'),
	(487,1,'退出系统','0:0:0:0:0:0:0:1','2017-04-07 23:35:24'),
	(488,1,'登陆系统','0:0:0:0:0:0:0:1','2017-04-07 23:35:27'),
	(489,1,'[定时任务] 修改','0:0:0:0:0:0:0:1','2017-04-07 23:36:26'),
	(490,1,'[定时任务] 修改','0:0:0:0:0:0:0:1','2017-04-07 23:36:38'),
	(491,1,'[表单扩展js] 修改','0:0:0:0:0:0:0:1','2017-04-07 23:40:03'),
	(492,1,'[在线表单] 修改','0:0:0:0:0:0:0:1','2017-04-07 23:41:25'),
	(493,1,'退出系统','0:0:0:0:0:0:0:1','2017-04-07 23:43:25'),
	(494,1,'登陆系统','0:0:0:0:0:0:0:1','2017-04-07 23:43:28'),
	(495,1,'退出系统','0:0:0:0:0:0:0:1','2017-04-07 23:43:30'),
	(496,2,'登陆系统','0:0:0:0:0:0:0:1','2017-04-07 23:43:31'),
	(497,2,'[图片管理] 删除','0:0:0:0:0:0:0:1','2017-04-07 23:43:55'),
	(498,2,'退出系统','0:0:0:0:0:0:0:1','2017-04-07 23:45:04'),
	(499,2,'登陆系统','0:0:0:0:0:0:0:1','2017-04-07 23:45:06'),
	(500,2,'退出系统','0:0:0:0:0:0:0:1','2017-04-07 23:45:28'),
	(501,1,'登陆系统','0:0:0:0:0:0:0:1','2017-04-07 23:45:31'),
	(502,1,'[菜单数据（权限编辑）] 增加','0:0:0:0:0:0:0:1','2017-04-07 23:46:45'),
	(503,1,'[权限管理] 修改','0:0:0:0:0:0:0:1','2017-04-07 23:47:03'),
	(504,1,'退出系统','0:0:0:0:0:0:0:1','2017-04-07 23:47:06'),
	(505,2,'登陆系统','0:0:0:0:0:0:0:1','2017-04-07 23:47:09');

/*!40000 ALTER TABLE `sys_oplog` ENABLE KEYS */;
UNLOCK TABLES;


# Dump of table sys_role
# ------------------------------------------------------------

DROP TABLE IF EXISTS `sys_role`;

CREATE TABLE `sys_role` (
  `id` int(11) unsigned NOT NULL AUTO_INCREMENT COMMENT 'id',
  `role_name` varchar(11) DEFAULT NULL COMMENT '角色名称',
  `create_time` timestamp NULL DEFAULT CURRENT_TIMESTAMP COMMENT '创建时间',
  PRIMARY KEY (`id`)
) ENGINE=InnoDB DEFAULT CHARSET=utf8 COMMENT='角色管理';

LOCK TABLES `sys_role` WRITE;
/*!40000 ALTER TABLE `sys_role` DISABLE KEYS */;

INSERT INTO `sys_role` (`id`, `role_name`, `create_time`)
VALUES
	(1,'系统管理员','2016-02-04 21:05:45'),
	(2,'内容运营','2016-02-04 21:06:12'),
	(4,'readonly','2016-10-16 14:22:10');

/*!40000 ALTER TABLE `sys_role` ENABLE KEYS */;
UNLOCK TABLES;


# Dump of table sys_role_btn
# ------------------------------------------------------------

DROP TABLE IF EXISTS `sys_role_btn`;

CREATE TABLE `sys_role_btn` (
  `id` int(11) unsigned NOT NULL AUTO_INCREMENT COMMENT 'id',
  `role_id` int(11) DEFAULT NULL COMMENT '角色id',
  `btn_id` int(11) DEFAULT NULL COMMENT '按钮id',
  `create_time` timestamp NULL DEFAULT CURRENT_TIMESTAMP COMMENT '创建时间',
  PRIMARY KEY (`id`)
) ENGINE=InnoDB DEFAULT CHARSET=utf8;

LOCK TABLES `sys_role_btn` WRITE;
/*!40000 ALTER TABLE `sys_role_btn` DISABLE KEYS */;

INSERT INTO `sys_role_btn` (`id`, `role_id`, `btn_id`, `create_time`)
VALUES
	(450,2,34,'2016-12-21 23:05:22'),
	(451,2,32,'2016-12-21 23:05:22'),
	(452,2,31,'2016-12-21 23:05:22'),
	(453,2,36,'2016-12-21 23:05:22'),
	(454,2,35,'2016-12-21 23:05:22'),
	(455,2,22,'2016-12-21 23:05:22'),
	(456,2,21,'2016-12-21 23:05:22'),
	(457,2,24,'2016-12-21 23:05:22'),
	(458,2,23,'2016-12-21 23:05:22'),
	(459,2,10,'2016-12-21 23:05:22'),
	(460,2,9,'2016-12-21 23:05:22'),
	(461,2,8,'2016-12-21 23:05:22'),
	(462,2,7,'2016-12-21 23:05:22'),
	(463,2,14,'2016-12-21 23:05:22'),
	(464,2,13,'2016-12-21 23:05:22'),
	(465,2,12,'2016-12-21 23:05:22'),
	(466,2,11,'2016-12-21 23:05:22'),
	(467,2,6,'2016-12-21 23:05:22'),
	(468,2,5,'2016-12-21 23:05:22'),
	(469,2,4,'2016-12-21 23:05:22'),
	(470,2,3,'2016-12-21 23:05:22'),
	(471,2,18,'2016-12-21 23:05:22'),
	(472,2,17,'2016-12-21 23:05:22'),
	(473,2,16,'2016-12-21 23:05:22'),
	(474,2,15,'2016-12-21 23:05:22'),
	(498,1,32,'2017-04-07 23:47:02'),
	(499,1,31,'2017-04-07 23:47:02'),
	(500,1,38,'2017-04-07 23:47:02'),
	(501,1,36,'2017-04-07 23:47:02'),
	(502,1,35,'2017-04-07 23:47:02'),
	(503,1,22,'2017-04-07 23:47:02'),
	(504,1,20,'2017-04-07 23:47:02'),
	(505,1,19,'2017-04-07 23:47:02'),
	(506,1,26,'2017-04-07 23:47:02'),
	(507,1,24,'2017-04-07 23:47:02'),
	(508,1,23,'2017-04-07 23:47:02'),
	(509,1,10,'2017-04-07 23:47:02'),
	(510,1,9,'2017-04-07 23:47:02'),
	(511,1,8,'2017-04-07 23:47:02'),
	(512,1,7,'2017-04-07 23:47:02'),
	(513,1,14,'2017-04-07 23:47:02'),
	(514,1,13,'2017-04-07 23:47:02'),
	(515,1,12,'2017-04-07 23:47:02'),
	(516,1,11,'2017-04-07 23:47:02'),
	(517,1,6,'2017-04-07 23:47:02'),
	(518,1,5,'2017-04-07 23:47:02'),
	(519,1,4,'2017-04-07 23:47:02'),
	(520,1,3,'2017-04-07 23:47:02');

/*!40000 ALTER TABLE `sys_role_btn` ENABLE KEYS */;
UNLOCK TABLES;


# Dump of table sys_role_datarule
# ------------------------------------------------------------

DROP TABLE IF EXISTS `sys_role_datarule`;

CREATE TABLE `sys_role_datarule` (
  `id` int(11) unsigned NOT NULL AUTO_INCREMENT COMMENT 'id',
  `role_id` int(11) NOT NULL COMMENT '角色',
  `datarule_id` int(11) NOT NULL COMMENT '数据规则',
  `create_time` timestamp NULL DEFAULT CURRENT_TIMESTAMP COMMENT '创建时间',
  PRIMARY KEY (`id`)
) ENGINE=InnoDB DEFAULT CHARSET=utf8 COMMENT='角色数据规则';

LOCK TABLES `sys_role_datarule` WRITE;
/*!40000 ALTER TABLE `sys_role_datarule` DISABLE KEYS */;

INSERT INTO `sys_role_datarule` (`id`, `role_id`, `datarule_id`, `create_time`)
VALUES
	(18,3,3,'2016-10-16 15:01:17'),
	(23,4,3,'2016-12-21 22:53:05'),
	(44,2,6,'2016-12-21 23:05:22'),
	(45,2,4,'2016-12-21 23:05:22'),
	(46,2,5,'2016-12-21 23:05:22'),
	(51,1,7,'2017-04-07 23:47:02'),
	(52,1,6,'2017-04-07 23:47:02'),
	(53,1,4,'2017-04-07 23:47:02'),
	(54,1,5,'2017-04-07 23:47:02'),
	(55,1,3,'2017-04-07 23:47:02');

/*!40000 ALTER TABLE `sys_role_datarule` ENABLE KEYS */;
UNLOCK TABLES;


# Dump of table sys_role_menu
# ------------------------------------------------------------

DROP TABLE IF EXISTS `sys_role_menu`;

CREATE TABLE `sys_role_menu` (
  `id` int(11) unsigned NOT NULL AUTO_INCREMENT COMMENT 'id',
  `role_id` int(11) DEFAULT NULL COMMENT '角色',
  `menu_id` int(11) DEFAULT NULL COMMENT '菜单',
  `create_time` timestamp NULL DEFAULT CURRENT_TIMESTAMP COMMENT '创建时间',
  PRIMARY KEY (`id`)
) ENGINE=InnoDB DEFAULT CHARSET=utf8 COMMENT='角色菜单';

LOCK TABLES `sys_role_menu` WRITE;
/*!40000 ALTER TABLE `sys_role_menu` DISABLE KEYS */;

INSERT INTO `sys_role_menu` (`id`, `role_id`, `menu_id`, `create_time`)
VALUES
	(472,4,12,'2016-12-21 22:53:05'),
	(473,4,10,'2016-12-21 22:53:05'),
	(474,4,11,'2016-12-21 22:53:05'),
	(475,4,14,'2016-12-21 22:53:05'),
	(578,2,12,'2016-12-21 23:05:22'),
	(579,2,10,'2016-12-21 23:05:22'),
	(580,2,11,'2016-12-21 23:05:22'),
	(581,2,14,'2016-12-21 23:05:22'),
	(589,1,6,'2017-04-07 23:47:02'),
	(590,1,7,'2017-04-07 23:47:02'),
	(591,1,2,'2017-04-07 23:47:02'),
	(592,1,15,'2017-04-07 23:47:02'),
	(593,1,3,'2017-04-07 23:47:02'),
	(594,1,4,'2017-04-07 23:47:02'),
	(595,1,13,'2017-04-07 23:47:02');

/*!40000 ALTER TABLE `sys_role_menu` ENABLE KEYS */;
UNLOCK TABLES;


# Dump of table sys_user
# ------------------------------------------------------------

DROP TABLE IF EXISTS `sys_user`;

CREATE TABLE `sys_user` (
  `id` int(11) unsigned NOT NULL AUTO_INCREMENT,
  `user_name` varchar(50) DEFAULT NULL COMMENT '用户名',
  `password` varchar(50) DEFAULT NULL COMMENT '密码',
  `roles` varchar(100) DEFAULT NULL COMMENT '角色',
  `create_time` timestamp NULL DEFAULT CURRENT_TIMESTAMP COMMENT '创建时间',
  PRIMARY KEY (`id`)
) ENGINE=InnoDB DEFAULT CHARSET=utf8 COMMENT='用户管理';

LOCK TABLES `sys_user` WRITE;
/*!40000 ALTER TABLE `sys_user` DISABLE KEYS */;

INSERT INTO `sys_user` (`id`, `user_name`, `password`, `roles`, `create_time`)
VALUES
	(1,'admin','-1ef523c6b645a65441a91fa80df077c2',NULL,'2016-01-08 15:33:05'),
	(2,'zcurd','-1ef523c6b645a65441a91fa80df077c2','2,1','2016-10-29 16:59:44'),
	(3,'readonly','-1ef523c6b645a65441a91fa80df077c2','4','2016-10-16 14:22:46'),
	(11,'zhong','-1ef523c6b645a65441a91fa80df077c2','2,1','2016-02-21 01:19:47');

/*!40000 ALTER TABLE `sys_user` ENABLE KEYS */;
UNLOCK TABLES;


# Dump of table task_base
# ------------------------------------------------------------

DROP TABLE IF EXISTS `task_base`;

CREATE TABLE `task_base` (
  `id` int(11) NOT NULL AUTO_INCREMENT COMMENT 'id',
  `name` varchar(50) NOT NULL DEFAULT '' COMMENT '名称',
  `target_type` int(11) DEFAULT NULL COMMENT '任务类型',
  `target_value` varchar(5000) DEFAULT NULL COMMENT '任务值',
  `cron` varchar(50) DEFAULT NULL COMMENT 'cron表达式',
  `last_run_result` varchar(50) DEFAULT NULL COMMENT '上次执行结果',
  `last_run_time` datetime DEFAULT NULL COMMENT '上次执行时间',
  `last_run_time_cost` int(11) DEFAULT NULL COMMENT '上次执行耗时',
  `status` int(11) DEFAULT NULL COMMENT '状态',
  `create_user_id` int(11) DEFAULT NULL COMMENT '创建人',
  `create_time` timestamp NOT NULL DEFAULT CURRENT_TIMESTAMP COMMENT '创建时间',
  PRIMARY KEY (`id`)
) ENGINE=InnoDB DEFAULT CHARSET=utf8 COMMENT='定时任务';

LOCK TABLES `task_base` WRITE;
/*!40000 ALTER TABLE `task_base` DISABLE KEYS */;

INSERT INTO `task_base` (`id`, `name`, `target_type`, `target_value`, `cron`, `last_run_result`, `last_run_time`, `last_run_time_cost`, `status`, `create_user_id`, `create_time`)
VALUES
	(1,'百度',1,'https://www.baidu.com','* */1 * * *','成功','2017-04-07 23:52:00',70,1,1,'2017-03-04 16:08:06'),
	(2,'css',1,'http://www.newsres.cn/2017lh/css/lhxl.css','* */1 * * *','成功','2017-04-07 23:43:10',789,2,1,'2017-03-04 00:00:00'),
	(3,'查询',2,'select 2','* */1 * * *','成功','2017-04-07 23:52:00',5,1,NULL,'2017-03-04 17:32:02'),
	(4,'存储过程',2,'call zcurd_base.pro_test()','* */1 * * *','成功','2017-03-23 23:11:00',6,2,NULL,'2017-03-05 00:30:20'),
	(5,'ITask',3,'com.zcurd.common.task.DemoTask','* */1 * * *','成功','2017-03-26 22:50:00',3,2,NULL,'2017-03-18 14:43:55');

/*!40000 ALTER TABLE `task_base` ENABLE KEYS */;
UNLOCK TABLES;


# Dump of table task_log
# ------------------------------------------------------------

DROP TABLE IF EXISTS `task_log`;

CREATE TABLE `task_log` (
  `id` int(11) NOT NULL AUTO_INCREMENT COMMENT 'id',
  `task_id` int(11) DEFAULT NULL COMMENT '所属任务',
  `result` varchar(50) DEFAULT NULL COMMENT '执行结果',
  `start_time` datetime DEFAULT NULL COMMENT '开始时间',
  `end_time` datetime DEFAULT NULL COMMENT '结束时间',
  `cost_time` int(11) DEFAULT NULL COMMENT '耗时',
  `remark` varchar(500) DEFAULT NULL COMMENT '备注',
  PRIMARY KEY (`id`)
) ENGINE=InnoDB DEFAULT CHARSET=utf8 COMMENT='定时任务-日志';

LOCK TABLES `task_log` WRITE;
/*!40000 ALTER TABLE `task_log` DISABLE KEYS */;

INSERT INTO `task_log` (`id`, `task_id`, `result`, `start_time`, `end_time`, `cost_time`, `remark`)
VALUES
	(1296,3,'成功','2017-03-29 23:54:00','2017-03-29 23:54:00',4,NULL),
	(1297,1,'成功','2017-03-29 23:54:00','2017-03-29 23:54:00',68,NULL),
	(1298,3,'成功','2017-04-01 23:29:00','2017-04-01 23:29:00',8,NULL),
	(1299,1,'成功','2017-04-01 23:29:00','2017-04-01 23:29:00',348,NULL),
	(1300,3,'成功','2017-04-07 23:33:00','2017-04-07 23:33:00',4,NULL),
	(1301,1,'成功','2017-04-07 23:33:00','2017-04-07 23:33:00',389,NULL),
	(1302,3,'成功','2017-04-07 23:34:00','2017-04-07 23:34:00',6,NULL),
	(1303,1,'成功','2017-04-07 23:34:00','2017-04-07 23:34:00',67,NULL),
	(1304,3,'成功','2017-04-07 23:35:00','2017-04-07 23:35:00',4,NULL),
	(1305,1,'成功','2017-04-07 23:35:00','2017-04-07 23:35:00',64,NULL),
	(1306,3,'成功','2017-04-07 23:36:00','2017-04-07 23:36:00',5,NULL),
	(1307,1,'成功','2017-04-07 23:36:00','2017-04-07 23:36:00',62,NULL),
	(1308,1,'成功','2017-04-07 23:41:00','2017-04-07 23:41:00',328,NULL),
	(1309,3,'成功','2017-04-07 23:41:00','2017-04-07 23:41:00',5,NULL),
	(1310,3,'成功','2017-04-07 23:42:00','2017-04-07 23:42:00',4,NULL),
	(1311,1,'成功','2017-04-07 23:42:00','2017-04-07 23:42:00',59,NULL),
	(1312,2,'成功','2017-04-07 23:42:49','2017-04-07 23:42:50',1501,NULL),
	(1313,2,'成功','2017-04-07 23:42:58','2017-04-07 23:42:59',623,NULL),
	(1314,3,'成功','2017-04-07 23:43:00','2017-04-07 23:43:00',6,NULL),
	(1315,1,'成功','2017-04-07 23:43:00','2017-04-07 23:43:00',63,NULL),
	(1316,1,'成功','2017-04-07 23:43:04','2017-04-07 23:43:04',20,NULL),
	(1317,2,'成功','2017-04-07 23:43:10','2017-04-07 23:43:11',789,NULL),
	(1318,1,'成功','2017-04-07 23:44:00','2017-04-07 23:44:00',64,NULL),
	(1319,3,'成功','2017-04-07 23:44:00','2017-04-07 23:44:00',3,NULL),
	(1320,3,'成功','2017-04-07 23:45:00','2017-04-07 23:45:00',4,NULL),
	(1321,1,'成功','2017-04-07 23:45:00','2017-04-07 23:45:00',58,NULL),
	(1322,1,'成功','2017-04-07 23:46:00','2017-04-07 23:46:00',69,NULL),
	(1323,3,'成功','2017-04-07 23:46:00','2017-04-07 23:46:00',4,NULL),
	(1324,1,'成功','2017-04-07 23:47:00','2017-04-07 23:47:00',75,NULL),
	(1325,3,'成功','2017-04-07 23:47:00','2017-04-07 23:47:00',4,NULL),
	(1326,3,'成功','2017-04-07 23:48:00','2017-04-07 23:48:00',5,NULL),
	(1327,1,'成功','2017-04-07 23:48:00','2017-04-07 23:48:00',68,NULL),
	(1328,1,'成功','2017-04-07 23:49:00','2017-04-07 23:49:00',70,NULL),
	(1329,3,'成功','2017-04-07 23:49:00','2017-04-07 23:49:00',5,NULL),
	(1330,3,'成功','2017-04-07 23:50:00','2017-04-07 23:50:00',5,NULL),
	(1331,1,'成功','2017-04-07 23:50:00','2017-04-07 23:50:00',68,NULL),
	(1332,1,'成功','2017-04-07 23:51:00','2017-04-07 23:51:00',61,NULL),
	(1333,3,'成功','2017-04-07 23:51:00','2017-04-07 23:51:00',5,NULL),
	(1334,1,'成功','2017-04-07 23:52:00','2017-04-07 23:52:00',70,NULL),
	(1335,3,'成功','2017-04-07 23:52:00','2017-04-07 23:52:00',5,NULL);

/*!40000 ALTER TABLE `task_log` ENABLE KEYS */;
UNLOCK TABLES;


# Dump of table tb_proc_log
# ------------------------------------------------------------

DROP TABLE IF EXISTS `tb_proc_log`;

CREATE TABLE `tb_proc_log` (
  `id` int(11) NOT NULL AUTO_INCREMENT COMMENT 'id',
  `proc_name` varchar(50) DEFAULT NULL COMMENT '过程名称',
  `statu` varchar(20) DEFAULT NULL COMMENT '状态',
  `start_time` datetime DEFAULT CURRENT_TIMESTAMP COMMENT '开始时间',
  `end_time` datetime DEFAULT NULL COMMENT '结束时间',
  `cost_time` int(11) DEFAULT NULL COMMENT '耗时',
  `error_code` varchar(50) DEFAULT NULL COMMENT 'error_code',
  `error_msg` varchar(200) DEFAULT NULL COMMENT 'error_msg',
  `step` int(11) DEFAULT NULL COMMENT 'step',
  PRIMARY KEY (`id`)
) ENGINE=InnoDB DEFAULT CHARSET=utf8 COMMENT='存储过程运行日志';



# Dump of table zcurd_field
# ------------------------------------------------------------

DROP TABLE IF EXISTS `zcurd_field`;

CREATE TABLE `zcurd_field` (
  `id` int(11) unsigned NOT NULL AUTO_INCREMENT,
  `head_id` int(11) DEFAULT NULL COMMENT '所属表',
  `field_name` varchar(100) DEFAULT NULL COMMENT '字段名称',
  `column_name` varchar(100) DEFAULT NULL COMMENT '列表列名',
  `column_length` int(11) DEFAULT '120' COMMENT '列宽',
  `data_type` varchar(50) DEFAULT NULL COMMENT '数据类型',
  `input_type` varchar(50) DEFAULT 'easyui-textbox' COMMENT '控件类型',
  `is_show_list` int(11) DEFAULT '1' COMMENT '是否列表显示',
  `is_allow_detail` int(11) DEFAULT '1' COMMENT '是否详情显示',
  `is_allow_add` int(11) DEFAULT '1' COMMENT '是否允许增加',
  `is_allow_update` int(11) DEFAULT '1' COMMENT '是否允许编辑',
  `is_search` int(11) DEFAULT '0' COMMENT '是否搜索',
  `is_allow_null` int(11) DEFAULT '1' COMMENT '是否允许为空',
  `dict_sql` varchar(1000) DEFAULT NULL COMMENT '字典sql',
  `order_num` int(11) DEFAULT '0' COMMENT '顺序',
  `search_type` int(11) DEFAULT '1' COMMENT '搜索类型(1:值,2:范围)',
  `is_sum` int(11) DEFAULT '0' COMMENT '是否汇总',
  `default_value` varchar(100) DEFAULT NULL COMMENT '默认值',
  `create_time` timestamp NULL DEFAULT CURRENT_TIMESTAMP COMMENT '创建时间',
  PRIMARY KEY (`id`)
) ENGINE=MyISAM DEFAULT CHARSET=utf8 COMMENT='在线表单字段';

LOCK TABLES `zcurd_field` WRITE;
/*!40000 ALTER TABLE `zcurd_field` DISABLE KEYS */;

INSERT INTO `zcurd_field` (`id`, `head_id`, `field_name`, `column_name`, `column_length`, `data_type`, `input_type`, `is_show_list`, `is_allow_detail`, `is_allow_add`, `is_allow_update`, `is_search`, `is_allow_null`, `dict_sql`, `order_num`, `search_type`, `is_sum`, `default_value`, `create_time`)
VALUES
	(2,1,'func_content','方法内容',120,'text','textarea',0,1,1,1,0,0,'',6,1,0,NULL,'2016-01-11 21:58:48'),
	(1,1,'create_time','创建时间',130,'timestamp','easyui-textbox',1,1,0,0,0,1,'',7,1,0,NULL,'2016-01-11 21:58:48'),
	(4,1,'location','按钮位置',80,'int','easyui-combobox',1,1,1,1,0,0,'select 1, \'顶部\' union all select 2, \'行内\'',4,1,0,NULL,'2016-01-11 21:58:48'),
	(5,1,'action','行为',80,'int','easyui-combobox',1,1,1,1,0,0,'select 0, \'自定义\' union all select 1, \'打开子页面\'',5,1,0,NULL,'2016-01-11 21:58:48'),
	(190,15,'archremark','资料归档备注',120,'varchar','easyui-textbox',1,1,1,1,0,1,NULL,119,1,0,NULL,'2016-09-18 17:31:32'),
	(189,15,'archtime','资料归档时间',120,'date','easyui-textbox',1,1,1,1,0,1,NULL,118,1,0,NULL,'2016-09-18 17:31:32'),
	(188,15,'archstatus','资料归档情况',120,'varchar','easyui-textbox',1,1,1,1,0,1,NULL,117,1,0,NULL,'2016-09-18 17:31:32'),
	(187,15,'approvalopinion','审批意见',120,'varchar','easyui-textbox',1,1,1,1,0,1,NULL,116,1,0,NULL,'2016-09-18 17:31:32'),
	(186,15,'gjrelation','共借人关系',120,'varchar','easyui-textbox',1,1,1,1,0,1,NULL,115,1,0,NULL,'2016-09-18 17:31:32'),
	(7,2,'js_content','扩展js',120,'text','textarea',0,1,1,1,0,0,'',4,1,0,NULL,'2016-01-12 15:35:01'),
	(6,2,'create_time','创建时间',130,'timestamp','easyui-textbox',1,1,0,0,0,1,'',5,1,0,NULL,'2016-01-12 15:35:01'),
	(8,2,'page','页面',120,'varchar','easyui-combobox',1,1,1,1,0,0,'select \'list\' as \'key\', \'list\' as \'value\' union all select \'add\', \'add\' union all select \'update\', \'update\' union all select \'detail\', \'detail\'',2,1,0,NULL,'2016-01-12 15:35:01'),
	(209,16,'turnover_volume','成交量',120,'bigint','easyui-textbox',1,1,1,1,0,1,'',12,1,0,NULL,'2016-09-18 17:31:55'),
	(210,16,'turnover_money','成交金额',120,'bigint','easyui-textbox',1,1,1,1,0,1,'',13,1,0,NULL,'2016-09-18 17:31:55'),
	(182,15,'refundtime','退款时间',120,'date','easyui-textbox',1,1,1,1,0,1,NULL,111,1,0,NULL,'2016-09-18 17:31:32'),
	(183,15,'loanMoney','loanMoney',120,'double','easyui-textbox',1,1,1,1,0,1,NULL,112,1,0,NULL,'2016-09-18 17:31:32'),
	(184,15,'creditLevel','信用卡等级',120,'varchar','easyui-textbox',1,1,1,1,0,1,NULL,113,1,0,NULL,'2016-09-18 17:31:32'),
	(185,15,'buyhouseaddress','客户新买房新地址',120,'varchar','easyui-textbox',1,1,1,1,0,1,NULL,114,1,0,NULL,'2016-09-18 17:31:32'),
	(26,5,'menu_id','所属菜单',100,'int','easyui-combobox',1,1,1,1,1,0,'select id, menu_name from sys_menu',1,1,0,NULL,'2016-02-14 16:35:56'),
	(28,5,'class_name','页面class名称',100,'varchar','easyui-textbox',1,1,1,1,0,0,'',3,1,0,NULL,'2016-02-14 16:35:56'),
	(27,5,'btn_name','按钮名称',100,'varchar','easyui-textbox',1,1,1,1,0,0,'',2,1,0,NULL,'2016-02-14 16:35:56'),
	(34,6,'value','字段件值',80,'varchar','easyui-textbox',1,1,1,1,0,0,'',5,1,0,NULL,'2016-02-25 23:55:58'),
	(36,6,'symbol','符号',80,'varchar','easyui-combobox',1,1,1,1,0,0,'select dict_key, dict_value from sys_dict where dict_type=\'datarule_symbol\'',4,1,0,NULL,'2016-02-28 03:20:56'),
	(33,6,'field_name','字段名称',100,'varchar','easyui-textbox',1,1,1,1,0,0,'',3,1,0,NULL,'2016-02-25 23:55:58'),
	(32,6,'menu_id','菜单',100,'int','easyui-combobox',1,1,1,1,1,0,'select id, menu_name from sys_menu',2,1,0,NULL,'2016-02-25 23:55:58'),
	(194,15,'overduecount','逾期次数',120,'varchar','easyui-textbox',1,1,1,1,0,1,NULL,123,1,0,NULL,'2016-09-18 17:31:32'),
	(193,15,'repaystatus','还款情况',120,'varchar','easyui-textbox',1,1,1,1,0,1,NULL,122,1,0,NULL,'2016-09-18 17:31:32'),
	(192,15,'mortgageremark','按揭备注',120,'varchar','easyui-textbox',1,1,1,1,0,1,NULL,121,1,0,NULL,'2016-09-18 17:31:32'),
	(191,15,'mortgagestatus','按揭情况',120,'varchar','easyui-textbox',1,1,1,1,0,1,NULL,120,1,0,NULL,'2016-09-18 17:31:32'),
	(181,15,'refundamount','退款金额',120,'int','easyui-textbox',1,1,1,1,0,1,NULL,110,1,0,NULL,'2016-09-18 17:31:32'),
	(43,8,'role_name','角色名称',120,'varchar','easyui-textbox',1,1,1,1,0,0,'',1,1,0,NULL,'2016-02-12 01:58:39'),
	(42,8,'id','id',120,'int','easyui-numberspinner',1,1,1,1,0,0,'',0,1,0,NULL,'2016-02-12 01:58:39'),
	(44,8,'create_time','创建时间',120,'timestamp','easyui-datebox',1,1,0,0,0,1,'',2,1,0,NULL,'2016-02-12 01:58:39'),
	(30,5,'create_time','创建时间',120,'timestamp','easyui-datebox',0,0,0,0,0,0,'',5,1,0,NULL,'2016-02-14 16:35:56'),
	(37,7,'id','id',120,'int','easyui-numberspinner',1,1,1,1,0,0,'',0,1,0,NULL,'2016-03-01 04:39:14'),
	(41,7,'create_time','创建时间',120,'timestamp','easyui-datebox',1,1,0,0,1,0,'',4,2,0,NULL,'2016-03-01 04:39:14'),
	(40,7,'dict_value','值',120,'varchar','easyui-textbox',1,1,1,1,1,0,'',2,1,0,NULL,'2016-03-01 04:39:14'),
	(39,7,'dict_key','键',120,'varchar','easyui-textbox',1,1,1,1,1,0,'',3,1,0,NULL,'2016-03-01 04:39:14'),
	(38,7,'dict_type','类型',120,'varchar','easyui-combobox',1,1,1,1,1,0,'select distinct dict_type as \'key\', dict_type as \'value\' from sys_dict',1,1,0,NULL,'2016-03-01 04:39:14'),
	(61,12,'roles','角色',120,'varchar','easyui-combobox',1,1,1,1,0,1,'select id, role_name from sys_role',4,1,0,NULL,'2016-02-23 04:31:08'),
	(60,12,'create_time','创建时间',120,'timestamp','easyui-textbox',1,1,0,0,1,1,'',5,2,0,NULL,'2016-01-07 21:31:45'),
	(59,12,'password','密码',120,'varchar','easyui-textbox',0,0,1,0,0,1,'',3,1,0,NULL,'2016-01-07 21:31:45'),
	(57,12,'id','id',120,'int','easyui-textbox',1,1,1,1,0,1,'',1,1,0,NULL,'2016-01-07 21:31:45'),
	(58,12,'user_name','用户名',120,'varchar','easyui-textbox',1,1,1,1,1,1,'',2,1,0,NULL,'2016-01-07 21:31:45'),
	(180,15,'consultantphone','顾问号码',120,'varchar','easyui-textbox',1,1,1,1,0,1,NULL,109,1,0,NULL,'2016-09-18 17:31:32'),
	(179,15,'houseConsultant','职业顾问',120,'varchar','easyui-textbox',1,1,1,1,0,1,NULL,108,1,0,NULL,'2016-09-18 17:31:32'),
	(178,15,'loanbankaccount','还款银行卡号',120,'varchar','easyui-textbox',1,1,1,1,0,1,NULL,107,1,0,NULL,'2016-09-18 17:31:32'),
	(177,15,'accountbranch','开户支行',120,'varchar','easyui-textbox',1,1,1,1,0,1,NULL,106,1,0,NULL,'2016-09-18 17:31:32'),
	(31,6,'id','id',120,'int','easyui-numberspinner',1,1,1,1,0,0,'',1,1,0,NULL,'2016-02-25 23:55:58'),
	(176,15,'applyloandate','申请放款时间',120,'date','easyui-textbox',1,1,1,1,0,1,NULL,105,1,0,NULL,'2016-09-18 17:31:32'),
	(175,15,'urgentlevel','紧急程度',120,'varchar','easyui-textbox',1,1,1,1,0,1,NULL,104,1,0,NULL,'2016-09-18 17:31:32'),
	(174,15,'othertime','othertime',120,'date','easyui-textbox',1,1,1,1,0,1,NULL,103,1,0,NULL,'2016-09-18 17:31:32'),
	(173,15,'otheramount','加他付款方式',120,'int','easyui-textbox',1,1,1,1,0,1,NULL,102,1,0,NULL,'2016-09-18 17:31:32'),
	(172,15,'transfertime','转账时间',120,'date','easyui-textbox',1,1,1,1,0,1,NULL,101,1,0,NULL,'2016-09-18 17:31:32'),
	(171,15,'transferamount','转账金额',120,'int','easyui-textbox',1,1,1,1,0,1,NULL,100,1,0,NULL,'2016-09-18 17:31:32'),
	(170,15,'cashtime','现金付款时间',120,'date','easyui-textbox',1,1,1,1,0,1,NULL,99,1,0,NULL,'2016-09-18 17:31:32'),
	(169,15,'cashamount','现金金额',120,'int','easyui-textbox',1,1,1,1,0,1,NULL,98,1,0,NULL,'2016-09-18 17:31:32'),
	(168,15,'postime','pos刷卡时间',120,'date','easyui-textbox',1,1,1,1,0,1,NULL,97,1,0,NULL,'2016-09-18 17:31:32'),
	(167,15,'posamount','放款金额',120,'int','easyui-textbox',1,1,1,1,0,1,NULL,96,1,0,NULL,'2016-09-18 17:31:32'),
	(166,15,'recviway','还款方式1 pos机器 2现金  3转账  4其他',120,'varchar','easyui-textbox',1,1,1,1,0,1,NULL,95,1,0,NULL,'2016-09-18 17:31:32'),
	(165,15,'loantime','放款时间',120,'date','easyui-textbox',1,1,1,1,0,1,NULL,94,1,0,NULL,'2016-09-18 17:31:32'),
	(164,15,'loanstatus','放款状态',120,'varchar','easyui-textbox',1,1,1,1,0,1,NULL,93,1,0,NULL,'2016-09-18 17:31:32'),
	(163,15,'signtime','签约时间',120,'date','easyui-textbox',1,1,1,1,0,1,NULL,92,1,0,NULL,'2016-09-18 17:31:32'),
	(162,15,'signstatus','签约状态',120,'varchar','easyui-textbox',1,1,1,1,0,1,NULL,91,1,0,NULL,'2016-09-18 17:31:32'),
	(161,15,'repay','repay',120,'varchar','easyui-textbox',1,1,1,1,0,1,NULL,90,1,0,NULL,'2016-09-18 17:31:32'),
	(160,15,'period','period',120,'int','easyui-textbox',1,1,1,1,0,1,NULL,89,1,0,NULL,'2016-09-18 17:31:32'),
	(159,15,'personPath','personPath',120,'varchar','easyui-textbox',1,1,1,1,0,1,NULL,88,1,0,NULL,'2016-09-18 17:31:32'),
	(158,15,'fkid','fkid',120,'int','easyui-textbox',1,1,1,1,0,1,NULL,87,1,0,NULL,'2016-09-18 17:31:32'),
	(157,15,'examindate','报审时间',120,'date','easyui-textbox',1,1,1,1,0,1,NULL,86,1,0,NULL,'2016-09-18 17:31:32'),
	(156,15,'fundname','fundname',120,'varchar','easyui-textbox',1,1,1,1,0,1,NULL,85,1,0,NULL,'2016-09-18 17:31:32'),
	(155,15,'fund','fund',120,'varchar','easyui-textbox',1,1,1,1,0,1,NULL,84,1,0,NULL,'2016-09-18 17:31:32'),
	(154,15,'loantimelimit','loantimelimit',120,'int','easyui-textbox',1,1,1,1,0,1,NULL,83,1,0,NULL,'2016-09-18 17:31:32'),
	(153,15,'zcompanyaddress','zcompanyaddress',120,'varchar','easyui-textbox',1,1,1,1,0,1,NULL,82,1,0,NULL,'2016-09-18 17:31:32'),
	(152,15,'gunitaddress','gunitaddress',120,'varchar','easyui-textbox',1,1,1,1,0,1,NULL,81,1,0,NULL,'2016-09-18 17:31:32'),
	(151,15,'xsname','xsname',120,'varchar','easyui-textbox',1,1,1,1,0,1,NULL,80,1,0,NULL,'2016-09-18 17:31:32'),
	(150,15,'xsid','xsid',120,'int','easyui-textbox',1,1,1,1,0,1,NULL,79,1,0,NULL,'2016-09-18 17:31:32'),
	(149,15,'relations','relations',120,'varchar','easyui-textbox',1,1,1,1,0,1,NULL,78,1,0,NULL,'2016-09-18 17:31:32'),
	(148,15,'creditLoanMoney','creditLoanMoney',120,'double','easyui-textbox',1,1,1,1,0,1,NULL,77,1,0,NULL,'2016-09-18 17:31:32'),
	(147,15,'zenterpborrow','zenterpborrow',120,'double','easyui-textbox',1,1,1,1,0,1,NULL,76,1,0,NULL,'2016-09-18 17:31:32'),
	(146,15,'creditNumber','creditNumber',120,'int','easyui-textbox',1,1,1,1,0,1,NULL,75,1,0,NULL,'2016-09-18 17:31:32'),
	(145,15,'aname','aname',120,'varchar','easyui-textbox',1,1,1,1,0,1,NULL,74,1,0,NULL,'2016-09-18 17:31:32'),
	(144,15,'ctime','ctime',120,'datetime','easyui-textbox',1,1,1,1,0,1,NULL,73,1,0,NULL,'2016-09-18 17:31:32'),
	(143,15,'adid','adid',120,'int','easyui-textbox',1,1,1,1,0,1,NULL,72,1,0,NULL,'2016-09-18 17:31:32'),
	(142,15,'contposition','紧急联系人工作职位',120,'varchar','easyui-textbox',1,1,1,1,0,1,NULL,71,1,0,NULL,'2016-09-18 17:31:32'),
	(141,15,'contworkdep','紧急联系人工作部门',120,'varchar','easyui-textbox',1,1,1,1,0,1,NULL,70,1,0,NULL,'2016-09-18 17:31:32'),
	(140,15,'contunitaddress','紧急联系人单位地址',120,'varchar','easyui-textbox',1,1,1,1,0,1,NULL,69,1,0,NULL,'2016-09-18 17:31:32'),
	(139,15,'contunitphone','紧急联系人单位电话',120,'varchar','easyui-textbox',1,1,1,1,0,1,NULL,68,1,0,NULL,'2016-09-18 17:31:32'),
	(138,15,'contunitname','紧急联系人单位名称',120,'varchar','easyui-textbox',1,1,1,1,0,1,NULL,67,1,0,NULL,'2016-09-18 17:31:32'),
	(137,15,'contaddress','紧急联系人地址',120,'varchar','easyui-textbox',1,1,1,1,0,1,NULL,66,1,0,NULL,'2016-09-18 17:31:32'),
	(136,15,'contphone','紧急联系人住宅电话',120,'varchar','easyui-textbox',1,1,1,1,0,1,NULL,65,1,0,NULL,'2016-09-18 17:31:32'),
	(135,15,'contmobile','紧急联系人电话',120,'varchar','easyui-textbox',1,1,1,1,0,1,NULL,64,1,0,NULL,'2016-09-18 17:31:32'),
	(134,15,'contloan','经济联系人是否知晓贷款',120,'varchar','easyui-textbox',1,1,1,1,0,1,NULL,63,1,0,NULL,'2016-09-18 17:31:32'),
	(133,15,'contrelation','紧急联系人关系',120,'varchar','easyui-textbox',1,1,1,1,0,1,NULL,62,1,0,NULL,'2016-09-18 17:31:32'),
	(132,15,'contsex','紧急联系人性别',120,'varchar','easyui-textbox',1,1,1,1,0,1,NULL,61,1,0,NULL,'2016-09-18 17:31:32'),
	(131,15,'contage','紧急联系人年龄',120,'int','easyui-textbox',1,1,1,1,0,1,NULL,60,1,0,NULL,'2016-09-18 17:31:32'),
	(130,15,'contname','紧急联系人姓名',120,'varchar','easyui-textbox',1,1,1,1,0,1,NULL,59,1,0,NULL,'2016-09-18 17:31:32'),
	(129,15,'otherloan','其他贷款',120,'int','easyui-textbox',1,1,1,1,0,1,NULL,58,1,0,NULL,'2016-09-18 17:31:32'),
	(128,15,'creditconsume','信用卡已消费',120,'int','easyui-textbox',1,1,1,1,0,1,NULL,57,1,0,NULL,'2016-09-18 17:31:32'),
	(127,15,'creditlimit','信用卡最高额度',120,'int','easyui-textbox',1,1,1,1,0,1,NULL,56,1,0,NULL,'2016-09-18 17:31:32'),
	(126,15,'bankaccount','用户银行账户',120,'varchar','easyui-textbox',1,1,1,1,0,1,NULL,55,1,0,NULL,'2016-09-18 17:31:32'),
	(125,15,'age','年龄',120,'int','easyui-textbox',1,1,1,1,0,1,NULL,54,1,0,NULL,'2016-09-18 17:31:32'),
	(124,15,'zsharesratio','占股比例-自雇',120,'varchar','easyui-textbox',1,1,1,1,0,1,NULL,53,1,0,NULL,'2016-09-18 17:31:32'),
	(123,15,'zmanageplace','经营场所-自雇',120,'varchar','easyui-textbox',1,1,1,1,0,1,NULL,52,1,0,NULL,'2016-09-18 17:31:32'),
	(122,15,'zenterploan','企业借款-自雇',120,'int','easyui-textbox',1,1,1,1,0,1,NULL,51,1,0,NULL,'2016-09-18 17:31:32'),
	(121,15,'zenterpfund','企业资产-自雇',120,'int','easyui-textbox',1,1,1,1,0,1,NULL,50,1,0,NULL,'2016-09-18 17:31:32'),
	(120,15,'zyearbus','年营业额-自雇',120,'int','easyui-textbox',1,1,1,1,0,1,NULL,49,1,0,NULL,'2016-09-18 17:31:32'),
	(119,15,'zmonincome','月收入—自雇',120,'int','easyui-textbox',1,1,1,1,0,1,NULL,48,1,0,NULL,'2016-09-18 17:31:32'),
	(118,15,'zindustrytype','行业类型-自雇',120,'varchar','easyui-textbox',1,1,1,1,0,1,NULL,47,1,0,NULL,'2016-09-18 17:31:32'),
	(117,15,'zcompanyname','企业名-自雇',120,'varchar','easyui-textbox',1,1,1,1,0,1,NULL,46,1,0,NULL,'2016-09-18 17:31:32'),
	(116,15,'gsalaryway','工作发放形式-工薪',120,'varchar','easyui-textbox',1,1,1,1,0,1,NULL,45,1,0,NULL,'2016-09-18 17:31:32'),
	(115,15,'gworklife','工作年限-工薪',120,'varchar','easyui-textbox',1,1,1,1,0,1,NULL,44,1,0,NULL,'2016-09-18 17:31:32'),
	(114,15,'gmonincome','月收入-工薪',120,'int','easyui-textbox',1,1,1,1,0,1,NULL,43,1,0,NULL,'2016-09-18 17:31:32'),
	(113,15,'gjoblevel','工作级别-工薪',120,'varchar','easyui-textbox',1,1,1,1,0,1,NULL,42,1,0,NULL,'2016-09-18 17:31:32'),
	(112,15,'gunitnature','单位性质-工薪',120,'varchar','easyui-textbox',1,1,1,1,0,1,NULL,41,1,0,NULL,'2016-09-18 17:31:32'),
	(111,15,'gunitname','单位名称-工薪',120,'varchar','easyui-textbox',1,1,1,1,0,1,NULL,40,1,0,NULL,'2016-09-18 17:31:32'),
	(110,15,'job','职业',120,'varchar','easyui-textbox',1,1,1,1,0,1,NULL,39,1,0,NULL,'2016-09-18 17:31:32'),
	(109,15,'familyaddress','家庭地址',120,'varchar','easyui-textbox',1,1,1,1,0,1,NULL,38,1,0,NULL,'2016-09-18 17:31:32'),
	(108,15,'marriagestatus','婚姻状态',120,'varchar','easyui-textbox',1,1,1,1,0,1,NULL,37,1,0,NULL,'2016-09-18 17:31:32'),
	(107,15,'homestatus','置业状况',120,'varchar','easyui-textbox',1,1,1,1,0,1,NULL,36,1,0,NULL,'2016-09-18 17:31:32'),
	(106,15,'applyamount','申请金额',120,'double','easyui-textbox',1,1,1,1,0,1,NULL,35,1,0,NULL,'2016-09-18 17:31:32'),
	(105,15,'loanproduct','贷款产品',120,'varchar','easyui-textbox',1,1,1,1,0,1,NULL,34,1,0,NULL,'2016-09-18 17:31:32'),
	(104,15,'fristpayratio','首付比例',120,'int','easyui-textbox',1,1,1,1,0,1,NULL,33,1,0,NULL,'2016-09-18 17:31:32'),
	(103,15,'buyhouseamount','购房金额',120,'int','easyui-textbox',1,1,1,1,0,1,NULL,32,1,0,NULL,'2016-09-18 17:31:32'),
	(102,15,'familycount','家庭人口数量',120,'int','easyui-textbox',1,1,1,1,0,1,NULL,31,1,0,NULL,'2016-09-18 17:31:32'),
	(101,15,'salaryway','工资发放形式',120,'varchar','easyui-textbox',1,1,1,1,0,1,NULL,30,1,0,NULL,'2016-09-18 17:31:32'),
	(100,15,'domloction','户籍所在地',120,'varchar','easyui-textbox',1,1,1,1,0,1,NULL,29,1,0,NULL,'2016-09-18 17:31:32'),
	(99,15,'health','健康状况',120,'varchar','easyui-textbox',1,1,1,1,0,1,NULL,28,1,0,NULL,'2016-09-18 17:31:32'),
	(98,15,'higdegree','最高学位',120,'varchar','easyui-textbox',1,1,1,1,0,1,NULL,27,1,0,NULL,'2016-09-18 17:31:32'),
	(97,15,'pidunit','发证机关',120,'varchar','easyui-textbox',1,1,1,1,0,1,NULL,26,1,0,NULL,'2016-09-18 17:31:32'),
	(96,15,'pidvaildity','证件有效期',120,'date','easyui-textbox',1,1,1,1,0,1,NULL,25,1,0,NULL,'2016-09-18 17:31:32'),
	(95,15,'pidtype','证件类型',120,'varchar','easyui-textbox',1,1,1,1,0,1,NULL,24,1,0,NULL,'2016-09-18 17:31:32'),
	(94,15,'nation','民族',120,'varchar','easyui-textbox',1,1,1,1,0,1,NULL,23,1,0,NULL,'2016-09-18 17:31:32'),
	(93,15,'natiomality','国籍',120,'varchar','easyui-textbox',1,1,1,1,0,1,NULL,22,1,0,NULL,'2016-09-18 17:31:32'),
	(211,16,'create_time','创建时间',120,'timestamp','easyui-textbox',1,1,1,1,0,0,'',14,1,0,NULL,'2016-09-18 17:31:55'),
	(208,16,'change_ratio','涨跌幅',120,'double','easyui-textbox',1,1,1,1,0,1,'',11,1,0,NULL,'2016-09-18 17:31:55'),
	(207,16,'change_amount','涨跌额',120,'double','easyui-textbox',1,1,1,1,0,1,'',10,1,0,NULL,'2016-09-18 17:31:55'),
	(206,16,'pre','前收盘',120,'double','easyui-textbox',1,1,1,1,0,1,'',9,1,0,NULL,'2016-09-18 17:31:55'),
	(205,16,'opening_price','开盘价',120,'double','easyui-textbox',1,1,1,1,0,1,'',8,2,0,NULL,'2016-09-18 17:31:55'),
	(204,16,'minimum_price','最低价',120,'double','easyui-textbox',1,1,1,1,1,1,'',7,2,0,NULL,'2016-09-18 17:31:55'),
	(202,16,'closing_price','收盘价',120,'double','easyui-textbox',1,1,1,1,1,1,'',5,2,0,NULL,'2016-09-18 17:31:55'),
	(203,16,'top_price','最高价',120,'double','easyui-textbox',1,1,1,1,1,1,'',6,2,0,NULL,'2016-09-18 17:31:55'),
	(200,16,'code','股票代码',120,'varchar','easyui-textbox',1,1,1,1,0,1,'',3,1,0,NULL,'2016-09-18 17:31:55'),
	(92,15,'birthday','出生年月',120,'date','easyui-textbox',1,1,1,1,0,1,NULL,21,1,0,NULL,'2016-09-18 17:31:32'),
	(91,15,'sex','客户性别',120,'varchar','easyui-textbox',1,1,1,1,0,1,NULL,20,1,0,NULL,'2016-09-18 17:31:32'),
	(90,15,'etime','贷款结束时间',120,'date','easyui-textbox',1,1,1,1,0,1,NULL,19,1,0,NULL,'2016-09-18 17:31:32'),
	(89,15,'stime','贷款开始时间',120,'date','easyui-textbox',1,1,1,1,0,1,NULL,18,1,0,NULL,'2016-09-18 17:31:32'),
	(88,15,'price','贷款金额',120,'int','easyui-textbox',1,1,1,1,0,0,NULL,17,1,0,NULL,'2016-09-18 17:31:32'),
	(87,15,'ordercode','订单id',120,'varchar','easyui-textbox',1,1,1,1,0,1,NULL,16,1,0,NULL,'2016-09-18 17:31:32'),
	(86,15,'tempcontent','修改数据',120,'varchar','easyui-textbox',1,1,1,1,0,1,NULL,15,1,0,NULL,'2016-09-18 17:31:32'),
	(85,15,'score','按模型计算得分',120,'int','easyui-textbox',1,1,1,1,0,1,NULL,14,1,0,NULL,'2016-09-18 17:31:32'),
	(84,15,'mid','使用模型',120,'int','easyui-textbox',1,1,1,1,0,1,NULL,13,1,0,NULL,'2016-09-18 17:31:32'),
	(83,15,'status','状态',120,'int','easyui-textbox',1,1,1,1,0,1,NULL,12,1,0,NULL,'2016-09-18 17:31:32'),
	(82,15,'type','客户类型',120,'int','easyui-textbox',1,1,1,1,0,1,NULL,11,1,0,NULL,'2016-09-18 17:31:32'),
	(81,15,'pname','项目名',120,'varchar','easyui-textbox',1,1,1,1,0,1,NULL,10,1,0,NULL,'2016-09-18 17:31:32'),
	(80,15,'pid','项目id',120,'int','easyui-textbox',1,1,1,1,0,1,NULL,9,1,0,NULL,'2016-09-18 17:31:32'),
	(79,15,'cityname','城市名',120,'varchar','easyui-textbox',1,1,1,1,0,1,NULL,8,1,0,NULL,'2016-09-18 17:31:32'),
	(78,15,'cityid','城市id',120,'int','easyui-textbox',1,1,1,1,0,1,NULL,7,1,0,NULL,'2016-09-18 17:31:32'),
	(77,15,'mobile','客户手机号码',120,'varchar','easyui-textbox',1,1,1,1,1,1,'',6,1,0,NULL,'2016-09-18 17:31:32'),
	(76,15,'idcard','客户身份证',120,'varchar','easyui-textbox',1,1,1,1,1,1,'',5,1,0,NULL,'2016-09-18 17:31:32'),
	(75,15,'name','客户姓名',120,'varchar','easyui-textbox',1,1,1,1,1,1,'',4,1,0,NULL,'2016-09-18 17:31:32'),
	(74,15,'parentid','主借人id',120,'int','easyui-textbox',1,1,1,1,1,1,'',3,1,0,NULL,'2016-09-18 17:31:32'),
	(73,15,'source','客户来源',120,'int','easyui-textbox',1,1,1,1,1,1,'',2,1,0,NULL,'2016-09-18 17:31:32'),
	(72,15,'cid','主键客户信息表',120,'int','easyui-textbox',1,1,1,1,0,0,'',1,1,0,NULL,'2016-09-18 17:31:32'),
	(201,16,'name','名称',120,'varchar','easyui-textbox',1,1,1,1,0,1,'',4,1,0,NULL,'2016-09-18 17:31:55'),
	(199,16,'dt','日期',120,'date','easyui-datebox',1,1,1,1,1,1,'',2,2,0,NULL,'2016-09-18 17:31:55'),
	(198,16,'id','id',120,'int','easyui-textbox',1,1,1,1,0,0,'',1,1,0,NULL,'2016-09-18 17:31:55'),
	(218,17,'last_update_time','最后更新时间',120,'datetime','easyui-datebox',0,1,0,1,0,1,'',7,1,0,NULL,'2016-09-18 17:40:23'),
	(217,17,'create_time','创建时间',120,'timestamp','easyui-datebox',1,1,1,1,1,0,'',6,2,0,NULL,'2016-09-18 17:40:23'),
	(216,17,'status','状态',100,'int','easyui-combobox',1,1,1,1,1,1,'[dbSource=zcurd_busi]select \'0\', \'未采集\' union all select \'1\', \'采集中\' union all select \'2\', \'采集完\'',5,1,0,NULL,'2016-09-18 17:40:23'),
	(215,17,'url','阅读地址',250,'varchar','easyui-textbox',1,1,1,1,0,1,'',4,1,0,NULL,'2016-09-18 17:40:23'),
	(214,17,'book_name','书名',120,'varchar','easyui-textbox',1,1,1,1,1,1,'',3,1,0,NULL,'2016-09-18 17:40:23'),
	(213,17,'source','来源',120,'varchar','easyui-textbox',1,1,1,1,0,1,'',2,1,0,NULL,'2016-09-18 17:40:23'),
	(212,17,'id','id',120,'int','easyui-textbox',1,1,1,1,0,0,'',1,1,0,NULL,'2016-09-18 17:40:23'),
	(10000,1,'head_id','所属表单',100,'int','easyui-combobox',1,1,1,1,1,0,'select id, form_name from zcurd_head',1,1,0,NULL,'2016-09-27 00:06:53'),
	(3,1,'btn_name','按钮名称',80,'varchar','easyui-textbox',1,1,1,1,0,0,'',2,1,0,NULL,'2016-01-11 21:58:48'),
	(35,6,'create_time','创建时间',120,'timestamp','easyui-datebox',0,0,0,0,0,0,'',6,1,0,NULL,'2016-02-25 23:55:58'),
	(25,5,'id','id',120,'int','easyui-numberspinner',1,1,1,1,0,0,'',0,1,0,NULL,'2016-02-14 16:35:56'),
	(29,5,'method_name','后台method名称',120,'varchar','easyui-textbox',1,1,1,1,0,1,'',4,1,0,NULL,'2016-02-14 16:35:56'),
	(195,15,'overfueremark','逾期记录',120,'varchar','easyui-textbox',1,1,1,1,0,1,NULL,124,1,0,NULL,'2016-09-18 17:31:32'),
	(196,15,'cheLoanMoney','cheLoanMoney',120,'int','easyui-textbox',1,1,1,1,0,1,NULL,125,1,0,NULL,'2016-09-18 17:31:32'),
	(197,15,'houseLoanMoney','houseLoanMoney',120,'int','easyui-textbox',1,1,1,1,0,1,NULL,126,1,0,NULL,'2016-09-18 17:31:32'),
	(10001,2,'sql_content','扩展sql',120,'varchar','textarea',1,1,1,1,0,1,'',3,1,0,NULL,'2016-11-19 16:08:05'),
	(9,2,'head_id','所属表单',120,'int','easyui-combobox',1,1,1,1,1,0,'select id, form_name from zcurd_head',1,1,0,NULL,'2016-01-12 15:35:01'),
	(10004,18,'url','图片地址',120,'varchar','easyui-filebox_img',1,1,1,1,0,0,'',3,1,0,NULL,'2016-12-20 00:17:53'),
	(10005,18,'create_time','创建时间',120,'timestamp','easyui-datebox',1,1,0,0,0,0,'',4,1,0,NULL,'2016-12-20 00:17:53'),
	(10026,20,'create_time','创建时间',120,'timestamp','easyui-datebox',1,1,0,0,1,0,'',14,2,0,NULL,'2016-12-21 23:07:45'),
	(10003,18,'name','图片名称',120,'varchar','easyui-textbox',1,1,1,1,1,0,'',2,1,0,NULL,'2016-12-20 00:17:53'),
	(10002,18,'id','id',120,'int unsigned','easyui-textbox',1,1,1,1,0,0,'',1,1,0,NULL,'2016-12-20 00:17:53'),
	(10025,20,'turnover_money','成交金额',120,'bigint','easyui-numberspinner',1,1,1,1,0,1,'',13,1,0,NULL,'2016-12-21 23:07:45'),
	(10023,20,'change_ratio','涨跌幅',120,'double','easyui-textbox',1,1,1,1,0,1,'',11,1,0,NULL,'2016-12-21 23:07:45'),
	(10024,20,'turnover_volume','成交量',120,'bigint','easyui-numberspinner',1,1,1,1,0,1,'',12,1,0,NULL,'2016-12-21 23:07:45'),
	(10022,20,'change_amount','涨跌额',120,'double','easyui-textbox',1,1,1,1,0,1,'',10,1,0,NULL,'2016-12-21 23:07:45'),
	(10021,20,'pre','前收盘',120,'double','easyui-textbox',1,1,1,1,0,1,'',9,1,0,NULL,'2016-12-21 23:07:45'),
	(10019,20,'minimum_price','最低价',120,'double','easyui-textbox',1,1,1,1,0,1,'',7,1,0,NULL,'2016-12-21 23:07:45'),
	(10020,20,'opening_price','开盘价',120,'double','easyui-textbox',1,1,1,1,0,1,'',8,1,0,NULL,'2016-12-21 23:07:45'),
	(10018,20,'top_price','最高价',120,'double','easyui-textbox',1,1,1,1,0,1,'',6,1,0,NULL,'2016-12-21 23:07:45'),
	(10017,20,'closing_price','收盘价',120,'double','easyui-textbox',1,1,1,1,0,1,'',5,1,0,NULL,'2016-12-21 23:07:45'),
	(10016,20,'name','名称',120,'varchar','easyui-textbox',1,1,1,1,0,1,'',4,1,0,NULL,'2016-12-21 23:07:45'),
	(10014,20,'dt','日期',120,'date','easyui-datebox',1,1,1,1,0,1,'',2,1,0,NULL,'2016-12-21 23:07:45'),
	(10015,20,'code','股票代码',120,'varchar','easyui-textbox',1,1,1,1,0,1,'',3,1,0,NULL,'2016-12-21 23:07:45'),
	(10013,20,'id','id',120,'int','easyui-numberspinner',1,1,1,1,0,0,'',1,1,0,NULL,'2016-12-21 23:07:45'),
	(10032,21,'create_time','创建时间',120,'timestamp','easyui-datebox',1,1,0,0,0,1,'',6,1,0,NULL,'2016-12-21 23:09:46'),
	(10033,21,'last_update_time','最后更新时间',120,'datetime','easyui-datebox',1,1,0,1,0,1,'',7,1,0,NULL,'2016-12-21 23:09:46'),
	(10031,21,'status','状态',120,'int','easyui-combobox',1,1,1,1,1,0,'[dbSource=zcurd_busi]select \'0\', \'未采集\' union all select \'1\', \'采集中\' union all select \'2\', \'采集完\'',5,1,0,NULL,'2016-12-21 23:09:46'),
	(10030,21,'url','url',120,'varchar','easyui-textbox',1,1,1,1,0,0,'',4,1,0,NULL,'2016-12-21 23:09:46'),
	(10029,21,'book_name','书名',120,'varchar','easyui-textbox',1,1,1,1,1,0,'',3,1,0,NULL,'2016-12-21 23:09:46'),
	(10028,21,'source','来源',120,'varchar','easyui-textbox',1,1,1,1,0,0,'',2,1,0,NULL,'2016-12-21 23:09:46'),
	(10027,21,'id','id',120,'int','easyui-numberspinner',1,1,1,1,0,0,'',1,1,0,NULL,'2016-12-21 23:09:46'),
	(10037,22,'create_time','创建时间',120,'timestamp','easyui-datebox',1,1,0,0,0,0,'',4,1,0,'','2016-12-21 23:12:51'),
	(10036,22,'url','图片地址',120,'varchar','easyui-filebox_img',1,1,1,1,0,0,'',3,1,0,'','2016-12-21 23:12:51'),
	(10035,22,'name','图片名称',120,'varchar','easyui-textbox',1,1,0,1,0,0,'',2,1,0,'${user.id}','2016-12-21 23:12:51'),
	(10034,22,'id','id',120,'int unsigned','easyui-textbox',1,1,1,1,0,0,'',1,1,0,'','2016-12-21 23:12:51'),
	(10038,1,'btn_icon','按钮图标',80,'varchar','easyui-textbox',1,1,1,1,0,0,'',3,1,0,NULL,'2017-01-27 15:38:07'),
	(10044,23,'create_user_id','创建人',120,'int','easyui-numberspinner',0,1,0,0,0,1,'',10,1,0,'${user.id}','2017-03-04 16:10:22'),
	(10047,23,'status','状态',80,'int','easyui-combobox',1,1,1,1,1,1,'select dict_key, dict_value from sys_dict where dict_type=\'task_statu\'',9,1,0,'2','2017-03-04 16:10:22'),
	(10046,23,'last_run_time_cost','上次执行耗时',90,'int','easyui-numberspinner',1,1,0,0,0,1,'',8,1,0,'','2017-03-04 16:10:22'),
	(10045,23,'last_run_time','上次执行时间',120,'datetime','easyui-datebox',1,1,0,0,0,1,'',7,1,0,'','2017-03-04 16:10:22'),
	(10049,23,'last_run_result','上次执行结果',90,NULL,'easyui-textbox',1,1,0,0,0,1,'',5,1,0,'','2017-03-12 23:52:52'),
	(10043,23,'cron','cron表达式',100,'varchar','easyui-textbox',1,1,1,1,0,0,'',4,1,0,'','2017-03-04 16:10:22'),
	(10040,23,'name','名称',120,'varchar','easyui-textbox',1,1,1,1,1,0,'',1,1,0,'','2017-03-04 16:10:22'),
	(10041,23,'target_type','任务类型',70,'int','easyui-combobox',1,1,1,1,1,0,'select dict_key, dict_value from sys_dict where dict_type=\'task_type\'',2,1,0,'','2017-03-04 16:10:22'),
	(10042,23,'target_value','任务值',140,'varchar','easyui-textbox',1,1,1,1,0,0,'',3,1,0,'','2017-03-04 16:10:22'),
	(10039,23,'id','id',120,'int','easyui-numberspinner',1,1,1,1,0,0,'',0,1,0,'','2017-03-04 16:10:22'),
	(10048,23,'create_time','创建时间',120,'timestamp','easyui-datebox',1,1,0,0,0,1,'',10,1,0,'','2017-03-04 16:10:22'),
	(10050,24,'id','id',120,'int','easyui-numberspinner',1,1,0,0,0,0,'',1,1,0,'','2017-03-15 00:07:20'),
	(10051,24,'task_id','所属任务',120,'int','easyui-combobox',1,1,0,0,1,1,'select id, name from task_base',2,1,0,'','2017-03-15 00:07:20'),
	(10052,24,'result','执行结果',80,'varchar','easyui-textbox',1,1,0,0,0,1,'',3,1,0,'','2017-03-15 00:07:20'),
	(10053,24,'start_time','开始时间',130,'datetime','easyui-datebox',1,1,0,0,0,1,'',4,1,0,'','2017-03-15 00:07:20'),
	(10054,24,'end_time','结束时间',130,'datetime','easyui-datebox',0,1,0,0,0,1,'',5,1,0,'','2017-03-15 00:07:20'),
	(10055,24,'cost_time','耗时(毫秒)',80,'int','easyui-numberspinner',1,1,0,0,0,1,'',6,1,0,'','2017-03-15 00:07:20'),
	(10056,24,'remark','备注',120,'varchar','easyui-textbox',1,1,0,0,0,1,'',7,1,0,'','2017-03-15 00:07:20');

/*!40000 ALTER TABLE `zcurd_field` ENABLE KEYS */;
UNLOCK TABLES;


# Dump of table zcurd_head
# ------------------------------------------------------------

DROP TABLE IF EXISTS `zcurd_head`;

CREATE TABLE `zcurd_head` (
  `id` int(11) unsigned NOT NULL AUTO_INCREMENT,
  `table_name` varchar(100) DEFAULT NULL COMMENT '数据库表名',
  `form_name` varchar(100) DEFAULT NULL COMMENT '表单名称',
  `id_field` varchar(50) DEFAULT 'id' COMMENT '主键字段',
  `is_auto` int(11) DEFAULT '1' COMMENT '是否自增',
  `form_type` int(11) DEFAULT '1' COMMENT '表单类型（1:单表,2:主从）',
  `dialog_size` varchar(50) NOT NULL DEFAULT '600x400' COMMENT '弹窗大小',
  `db_source` varchar(50) DEFAULT NULL COMMENT '数据源',
  `handle_class` varchar(100) DEFAULT NULL COMMENT '处理类',
  `create_time` timestamp NULL DEFAULT CURRENT_TIMESTAMP COMMENT '创建时间',
  PRIMARY KEY (`id`)
) ENGINE=MyISAM DEFAULT CHARSET=utf8 COMMENT='在线表单';

LOCK TABLES `zcurd_head` WRITE;
/*!40000 ALTER TABLE `zcurd_head` DISABLE KEYS */;

INSERT INTO `zcurd_head` (`id`, `table_name`, `form_name`, `id_field`, `is_auto`, `form_type`, `dialog_size`, `db_source`, `handle_class`, `create_time`)
VALUES
	(1,'zcurd_head_btn','表单扩展按钮','id',1,1,'600x400','zcurd_base',NULL,'2016-01-11 21:58:48'),
	(2,'zcurd_head_js','表单扩展js','id',1,1,'600x400','zcurd_base',NULL,'2016-01-12 15:35:01'),
	(5,'sys_menu_btn','菜单按钮（权限编辑）','id',1,1,'400x300','zcurd_base',NULL,'2016-02-14 16:35:56'),
	(6,'sys_menu_datarule','菜单数据（权限编辑）','id',1,1,'400x300','zcurd_base',NULL,'2016-02-25 23:55:58'),
	(7,'sys_dict','数据字典','id',1,1,'400x300','zcurd_base',NULL,'2016-03-01 04:39:14'),
	(8,'sys_role','角色管理','id',1,1,'400x300','zcurd_base',NULL,'2016-02-12 01:58:39'),
	(18,'images','图片管理','id',1,1,'600x400','zcurd_busi',NULL,'2016-12-20 00:17:53'),
	(12,'sys_user','用户管理','id',1,1,'400x300','zcurd_base','com.zcurd.common.handler.PasswordCurdHandle','2016-01-07 21:31:45'),
	(15,'customer','客户管理','cid',1,1,'800x600','zcurd_busi',NULL,'2016-09-18 17:31:32'),
	(16,'stock_history_log','股票历史数据','id',1,1,'700x500','zcurd_busi',NULL,'2016-09-18 17:31:55'),
	(17,'claw_book_url','小说管理','id',1,1,'600x400','zcurd_busi',NULL,'2016-09-18 17:40:23'),
	(20,'stock_history_log','股票历史数据','id',1,1,'700x500','zcurd_busi',NULL,'2016-12-21 23:07:45'),
	(21,'claw_book_url','小说链接','id',1,1,'600x400','zcurd_busi',NULL,'2016-12-21 23:09:46'),
	(22,'images','图片管理','id',1,1,'600x400','zcurd_busi',NULL,'2016-12-21 23:12:51'),
	(23,'task_base','定时任务','id',1,1,'600x400','zcurd_base',NULL,'2017-03-04 16:10:22'),
	(24,'task_log','定时任务-日志','id',1,1,'600x400','zcurd_base',NULL,'2017-03-15 00:07:20');

/*!40000 ALTER TABLE `zcurd_head` ENABLE KEYS */;
UNLOCK TABLES;


# Dump of table zcurd_head_btn
# ------------------------------------------------------------

DROP TABLE IF EXISTS `zcurd_head_btn`;

CREATE TABLE `zcurd_head_btn` (
  `id` int(11) NOT NULL AUTO_INCREMENT COMMENT 'id',
  `head_id` int(11) DEFAULT NULL COMMENT '所属表单',
  `btn_name` varchar(50) DEFAULT NULL COMMENT '按钮名称',
  `btn_icon` varchar(50) DEFAULT NULL COMMENT '按钮图标',
  `location` int(11) DEFAULT '1' COMMENT '按钮位置（1：顶部，2：行内）',
  `action` int(11) DEFAULT '1' COMMENT '行为（0：无，1：打开子页面）',
  `func_content` text COMMENT '方法内容',
  `create_time` timestamp NOT NULL DEFAULT CURRENT_TIMESTAMP COMMENT '创建时间',
  PRIMARY KEY (`id`)
) ENGINE=MyISAM DEFAULT CHARSET=utf8 COMMENT='表单按钮';

LOCK TABLES `zcurd_head_btn` WRITE;
/*!40000 ALTER TABLE `zcurd_head_btn` DISABLE KEYS */;

INSERT INTO `zcurd_head_btn` (`id`, `head_id`, `btn_name`, `btn_icon`, `location`, `action`, `func_content`, `create_time`)
VALUES
	(1,8,'权限设置',NULL,2,1,'function(index) {\r\n var row = datagrid.datagrid(\"getRows\")[index];\r\n  //var url = basePath + \"/zcurd/135/listPage?riskgradeid=\" + row.id;\r\n var url = basePath + \"/role/editAuthPage?roleId=\" + row.id;\r\n _openSubPage(url);\r\n}','2016-02-12 21:23:10'),
	(2,134,'管理',NULL,2,1,'function(index) {\n var row = datagrid.datagrid(\"getRows\")[index];\n  var url = basePath + \"/zcurd/135/listPage?riskgradeid=\" + row.id;\n _openSubPage(url);\n}','2016-01-12 13:28:50'),
	(3,133,'测试',NULL,2,0,'function(){}','2016-01-13 09:30:35'),
	(4,12,'重置密码','glyphicon-repeat',1,0,'function() {\n    var rowsSel = datagrid.datagrid(\"getSelections\");\n	if(rowsSel.length != 1) {\n		showWarnMsg(\"请选择需要重置密码的一条数据！\");\n		return;\n	}\n	confirmMsg(\"确认重置密码？\", function() {\n		var id = rowsSel[0].id;\n		$.post(basePath + \"/user/resetPassword\", {id: id}, function() {\n			showMsg(\"密码重置成功！\");\n		});\n	});\n}','2017-01-27 13:44:37'),
	(5,23,'停止','xx',2,0,'function() {\n\n}','2017-03-12 23:12:56');

/*!40000 ALTER TABLE `zcurd_head_btn` ENABLE KEYS */;
UNLOCK TABLES;


# Dump of table zcurd_head_js
# ------------------------------------------------------------

DROP TABLE IF EXISTS `zcurd_head_js`;

CREATE TABLE `zcurd_head_js` (
  `id` int(11) NOT NULL AUTO_INCREMENT COMMENT 'id',
  `head_id` int(11) DEFAULT NULL COMMENT '所属表单',
  `page` varchar(50) DEFAULT NULL COMMENT '页面',
  `sql_content` varchar(2000) DEFAULT NULL COMMENT '扩展sql',
  `js_content` text COMMENT '扩展js',
  `create_time` timestamp NOT NULL DEFAULT CURRENT_TIMESTAMP COMMENT '创建时间',
  PRIMARY KEY (`id`)
) ENGINE=MyISAM DEFAULT CHARSET=utf8 COMMENT='表单扩展js';

LOCK TABLES `zcurd_head_js` WRITE;
/*!40000 ALTER TABLE `zcurd_head_js` DISABLE KEYS */;

INSERT INTO `zcurd_head_js` (`id`, `head_id`, `page`, `sql_content`, `js_content`, `create_time`)
VALUES
	(1,134,'list',NULL,'var operateWidth = 80;\r\nvar subPageWidth = \"50%\";\r\nvar subPageTitle = \"等级详情\";\r\ndgOptions.singleSelect=true;','2016-01-12 16:25:45'),
	(2,5,'list',NULL,'$(\"#searchBtnWrap\").hide();\n$(\".wrap_search\").hide();\ndgOptions.pageSize=1000;\ndgOptions.pagination=false;\n\nwindow.parent.getDgSelections = function() {\n    return datagrid.datagrid(\"getSelections\");\n}\n\ndgOptions.onLoadSuccess = selectAuthRow;\nfunction selectAuthRow() {\n  	var btnIds = window.parent.getCurrMenuBtns();\n 	var rows = datagrid.datagrid(\"getData\").rows;\n 	if(btnIds && rows.length > 0) {\n   		$.each(rows, function(i, item) {\n      		$.each(btnIds, function(j, btnId) {\n	       		if(item.id == btnId) {\n	          		datagrid.datagrid(\"selectRow\", i);\n	        	}\n     		});\n   		});\n 	}\n\n 	//如果无数据，则显示一键生成\n	if(rows.length == 0) {\n		genAuthBtnBatch();\n	}\n}\n\n//显示一键生成\nfunction genAuthBtnBatch() {\n	$(\"<button id=\'genAuthBtnBatchBtn\' style=\'position: fixed; top: 120px; left: 50%; margin-left: -30px; padding: 2px;\'>一键生成<button>\")\n	.linkbutton().click(function() {\n		$.post(\"../../role/genAuthBtnBatch\", {menuId: $(\"#menu_id\").val()}, function() {\n			$(\"#genAuthBtnBatchBtn\").remove();\n			showMsg(\"生成成功！\");\n			datagrid.datagrid(\"reload\");\n		});\n	}).appendTo(\"body\");\n}','2016-02-15 11:13:14'),
	(3,8,'list',NULL,'var operateWidth = 80;\nvar subPageWidth = \"55%\";\nvar subPageTitle = \"权限设置\";\ndgOptions.singleSelect=true;','2016-02-16 16:32:31'),
	(4,131,'update',NULL,'$(function() {\n  changeComboboxToMult(\"roles\");\n});','2016-02-23 23:09:57'),
	(5,12,'add',NULL,'$(function() {\n changeComboboxToMult(\"roles\");\n});','2016-02-23 23:10:03'),
	(6,152,'list',NULL,'$(\"#searchBtnWrap\").hide();\n$(\".wrap_search\").hide();\ndgOptions.pageSize=1000;\ndgOptions.pagination=false;\n\nwindow.parent.getDgSelections2 = function() {\n    return datagrid.datagrid(\"getSelections\");\n}\n\ndgOptions.onLoadSuccess = selectAuthRow;\nfunction selectAuthRow() {\n var dataruleIds = window.parent.getCurrMenuDatarules();\n var rows = datagrid.datagrid(\"getData\").rows;\n if(dataruleIds && rows.length > 0) {\n    $.each(rows, function(i, item) {\n      $.each(dataruleIds, function(j, dataruleId) {\n       if(item.id == dataruleId) {\n         datagrid.datagrid(\"selectRow\", i);\n        }\n     });\n   });\n }\n}','2016-02-15 11:13:14'),
	(7,6,'list',NULL,'$(\"#searchBtnWrap\").hide();\n$(\".wrap_search\").hide();\ndgOptions.pageSize=1000;\ndgOptions.pagination=false;\n\nwindow.parent.getDgSelections2 = function() {\n    return datagrid.datagrid(\"getSelections\");\n}\n\ndgOptions.onLoadSuccess = selectAuthRow;\nfunction selectAuthRow() {\n	var dataruleIds = window.parent.getCurrMenuDatarules();\n	var rows = datagrid.datagrid(\"getData\").rows;\n	if(dataruleIds && rows.length > 0) {\n		$.each(rows, function(i, item) {\n			$.each(dataruleIds, function(j, dataruleId) {\n				if(item.id == dataruleId) {\n					datagrid.datagrid(\"selectRow\", i);\n				}\n			});\n		});\n	}\n}','2016-09-27 00:17:56'),
	(8,12,'update,detail',NULL,'$(function() {\n changeComboboxToMult(\"roles\");\n});','2016-09-27 00:40:00'),
	(13,6,'update,add',NULL,'$(\"#value_label\").html(\"<a class=\'symbol_var\' title=\'支持变量\'>$</a>\" + $(\"#value_label\").html())','2017-02-26 00:39:55'),
	(9,2,'update,add',NULL,'$(function() {\n changeComboboxToMult(\"page\");\n});','2016-11-19 19:52:45'),
	(14,24,'list',NULL,'$(\"#searchBtnWrap\").hide();\n$(\".wrap_search\").hide();\n\n$(\"#tb\").remove();','2017-03-15 23:59:42');

/*!40000 ALTER TABLE `zcurd_head_js` ENABLE KEYS */;
UNLOCK TABLES;



--
-- Dumping routines (PROCEDURE) for database 'zcurd_base'
--
DELIMITER ;;

# Dump of PROCEDURE pro_test
# ------------------------------------------------------------

/*!50003 DROP PROCEDURE IF EXISTS `pro_test` */;;
/*!50003 SET SESSION SQL_MODE="STRICT_TRANS_TABLES,NO_ENGINE_SUBSTITUTION"*/;;
/*!50003 CREATE*/ /*!50020 DEFINER=`root`@`localhost`*/ /*!50003 PROCEDURE `pro_test`()
BEGIN
	select 1;
END */;;

/*!50003 SET SESSION SQL_MODE=@OLD_SQL_MODE */;;
DELIMITER ;

/*!40111 SET SQL_NOTES=@OLD_SQL_NOTES */;
/*!40101 SET SQL_MODE=@OLD_SQL_MODE */;
/*!40014 SET FOREIGN_KEY_CHECKS=@OLD_FOREIGN_KEY_CHECKS */;
/*!40101 SET CHARACTER_SET_CLIENT=@OLD_CHARACTER_SET_CLIENT */;
/*!40101 SET CHARACTER_SET_RESULTS=@OLD_CHARACTER_SET_RESULTS */;
/*!40101 SET COLLATION_CONNECTION=@OLD_COLLATION_CONNECTION */;
